------------------------------------------------------------------------------------------------------------------------------------------------------------------------------------------------------------------------------------------------------------
      name:  <unnamed>
       log:  C:\Users\WB461621\OneDrive - WBG\SPJ\Cote dIvoire\ImpactEval\Output/02_analysis.log
  log type:  text
 opened on:  30 Sep 2026, 17:06:23

. 
. *------------------------------------------------------------------------------*
. * 1. Data and sample (common to all analyses)
. *------------------------------------------------------------------------------*
. use "$cleandata/coso_baseline_clean.dta", clear
(COSO baseline phone survey - clean, all call attempts)

. 
. keep if complete == 1
(404 observations deleted)

. di as txt "Completed interviews: " as res _N
Completed interviews: 628

. 
. * Respondents with more than one completed interview under the same cover_id
. * (see docs/data_issues.md, issue 1) - used for a sensitivity table only
. bysort cover_id: egen n_complete = total(complete)

. gen byte dup_id = (n_complete > 1)

. label var dup_id "cover_id has more than one completed interview"

. 
. * Accepted by supervisor (status Completed) vs rejected / still assigned
. gen byte status_ok = (interview__status == "Completed")

. label var status_ok "Interview status: Completed (not rejected)"

. label values dup_id status_ok yesno

. 
. *==============================================================================*
. * 2. ANALYSIS 1 - TRACK SIZE
. *==============================================================================*
. 
. *------------------------------------------------------------------------------*
. * 2.1 Track criteria
. *------------------------------------------------------------------------------*
. * Inputs: spot check
. tab K1, missing

    K1. Has ever started own |
  income-generating activity |      Freq.     Percent        Cum.
-----------------------------+-----------------------------------
                          No |        302       48.09       48.09
                         Yes |        326       51.91      100.00
-----------------------------+-----------------------------------
                       Total |        628      100.00

. tab K2 if K1 == 0, missing

 K2. Would like to start own |
      activity in the future |      Freq.     Percent        Cum.
-----------------------------+-----------------------------------
                          No |         28        9.27        9.27
                         Yes |        274       90.73      100.00
-----------------------------+-----------------------------------
                       Total |        302      100.00

. tab F1 if K1 == 1, missing

           F1. Status in main job |      Freq.     Percent        Cum.
----------------------------------+-----------------------------------
                         Employee |          6        1.84        1.84
        Employer (with employees) |         14        4.29        6.13
Own-account worker (no employees) |        263       80.67       86.81
 Member of producers' cooperative |          3        0.92       87.73
       Contributing family worker |         19        5.83       93.56
              Apprentice / intern |          1        0.31       93.87
                            Other |          3        0.92       94.79
                                . |         17        5.21      100.00
----------------------------------+-----------------------------------
                            Total |        326      100.00

. tab employed, missing

        Employed last 7 days |
      (E1/E2/E3, recomputed) |      Freq.     Percent        Cum.
-----------------------------+-----------------------------------
                          No |         66       10.51       10.51
                         Yes |        562       89.49      100.00
-----------------------------+-----------------------------------
                       Total |        628      100.00

. tab P4 if employed == 0, missing

        P4. Sector of greatest interest |      Freq.     Percent        Cum.
----------------------------------------+-----------------------------------
Agriculture, livestock, fishing, forest |          9       13.64       13.64
                           Construction |          8       12.12       25.76
               Wholesale / retail trade |         34       51.52       77.27
        Accommodation and food services |          1        1.52       78.79
                  Public administration |          1        1.52       80.30
Other services (repair, personal, arts) |         11       16.67       96.97
                                  Other |          2        3.03      100.00
----------------------------------------+-----------------------------------
                                  Total |         66      100.00

. 
. * Track A: never started an activity and wants to start one
. gen byte crit_A = (K1 == 0 & K2 == 1)

. label var crit_A "Meets Track A criteria (K1 = No, K2 = Yes)"

. 
. * Track B: has started an activity and is employer / own-account / cooperative
. gen byte crit_B = (K1 == 1 & inlist(F1, 2, 3, 4))

. label var crit_B "Meets Track B criteria (K1 = Yes, F1 = employer/own-account/coop)"

. 
. * Track C: not employed and aspires to a skilled-trade sector
. *   P4: 3 Manufacturing, 4 Construction, 6 Transport, 7 Accommodation/food,
. *       8 ICT/digital, 14 Other services (repair, personal, arts)
. gen byte crit_C = (employed == 0 & inlist(P4, 3, 4, 6, 7, 8, 14))

. label var crit_C "Meets Track C criteria (not employed, aspires to a skilled trade)"

. 
. label values crit_A crit_B crit_C yesno

. 
. * Check: B never overlaps with A or C (should both be 0)
. count if crit_B == 1 & crit_A == 1
  0

. count if crit_B == 1 & crit_C == 1
  0

. 
. *------------------------------------------------------------------------------*
. * 2.2 Provisional track
. *------------------------------------------------------------------------------*
. gen byte track = 5

. replace track = 1 if crit_A == 1 & crit_C == 0
(258 real changes made)

. replace track = 2 if crit_B == 1
(280 real changes made)

. replace track = 3 if crit_C == 1 & crit_A == 0
(4 real changes made)

. replace track = 4 if crit_A == 1 & crit_C == 1
(16 real changes made)

. 
. label define track 1 "Track A - Start-up"                    ///
>                    2 "Track B - Existing enterprise growth"  ///
>                    3 "Track C - Apprenticeship to work"      ///
>                    4 "Tracks A and C (both apply)"           ///
>                    5 "Undetermined"

. label values track track

. label var track "Provisional programme track"

. 
. * Reason for undetermined
. *   1 Employed, but not employer/own-account/coop with an own activity
. *     (wage worker, family worker, apprentice, or never started an activity
. *     and not wanting to)
. *   2 Not employed, started an activity before (no longer running it)
. *   3 Not employed, never started, no wish to start, aspired sector is not
. *     a skilled trade
. *   4 Missing information (K1, employment or P4)
. gen byte undet_reason = .
(628 missing values generated)

. replace undet_reason = 4 if track == 5 & (missing(K1) | missing(employed))
(0 real changes made)

. replace undet_reason = 1 if track == 5 & missing(undet_reason) & employed == 1
(53 real changes made)

. replace undet_reason = 2 if track == 5 & missing(undet_reason) & employed == 0 & K1 == 1
(14 real changes made)

. replace undet_reason = 3 if track == 5 & missing(undet_reason) & employed == 0 & K1 == 0
(3 real changes made)

. replace undet_reason = 4 if track == 5 & missing(undet_reason)
(0 real changes made)

. 
. label define undet_reason                                                    ///
>     1 "Employed, no own enterprise (wage/family worker, apprentice, or no wish to start)" ///
>     2 "Not employed, had an activity before (closed)"                         ///
>     3 "Not employed, no wish to start, aspiration not a skilled trade"        ///
>     4 "Missing information"

. label values undet_reason undet_reason

. label var undet_reason "Reason track is undetermined"

. 
. * Spot checks
. tab track, missing

         Provisional programme track |      Freq.     Percent        Cum.
-------------------------------------+-----------------------------------
                  Track A - Start-up |        258       41.08       41.08
Track B - Existing enterprise growth |        280       44.59       85.67
    Track C - Apprenticeship to work |          4        0.64       86.31
         Tracks A and C (both apply) |         16        2.55       88.85
                        Undetermined |         70       11.15      100.00
-------------------------------------+-----------------------------------
                               Total |        628      100.00

. tab undet_reason if track == 5, missing

           Reason track is undetermined |      Freq.     Percent        Cum.
----------------------------------------+-----------------------------------
Employed, no own enterprise (wage/famil |         53       75.71       75.71
Not employed, had an activity before (c |         14       20.00       95.71
Not employed, no wish to start, aspirat |          3        4.29      100.00
----------------------------------------+-----------------------------------
                                  Total |         70      100.00

. tab track employed, missing

                      | Employed last 7 days
                      |      (E1/E2/E3,
Provisional programme |      recomputed)
                track |        No        Yes |     Total
----------------------+----------------------+----------
   Track A - Start-up |        29        229 |       258 
Track B - Existing en |         0        280 |       280 
Track C - Apprentices |         4          0 |         4 
Tracks A and C (both  |        16          0 |        16 
         Undetermined |        17         53 |        70 
----------------------+----------------------+----------
                Total |        66        562 |       628 

. tab track K1, missing

                      | K1. Has ever started
                      | own income-generating
Provisional programme |       activity
                track |        No        Yes |     Total
----------------------+----------------------+----------
   Track A - Start-up |       258          0 |       258 
Track B - Existing en |         0        280 |       280 
Track C - Apprentices |         1          3 |         4 
Tracks A and C (both  |        16          0 |        16 
         Undetermined |        27         43 |        70 
----------------------+----------------------+----------
                Total |       302        326 |       628 

. 
. *------------------------------------------------------------------------------*
. * 2.3 Tables
. *------------------------------------------------------------------------------*
. 
. * 2.3.1 Track size
. tabout track using "$out/Results.xls", ///
>     replace oneway c(freq col) format(0c 1p) layout(cb) style(xls) ///
>     h1("Analysis 1 - Provisional programme track - completed interviews")

Table output written to: C:\Users\WB461621\OneDrive - WBG\SPJ\Cote dIvoire\ImpactEval\Output/Results.xls

Provisional programme track     No.     %
Track A - Start-up      258     41.1%
Track B - Existing enterprise growth    280     44.6%
Track C - Apprenticeship to work        4       0.6%
Tracks A and C (both apply)     16      2.5%
Undetermined    70      11.1%
Total   628     100.0%

. 
. * 2.3.2 Criteria met (tracks A and C can overlap)
. tabout crit_A using "$out/Results.xls", ///
>     append oneway c(freq col) format(0c 1p) layout(cb) style(xls) ///
>     h1("Analysis 1 - Meets Track A criteria: never started an activity and wants to start one")

Table output written to: C:\Users\WB461621\OneDrive - WBG\SPJ\Cote dIvoire\ImpactEval\Output/Results.xls

Provisional programme track     No.     %
Track A - Start-up      258     41.1%
Track B - Existing enterprise growth    280     44.6%
Track C - Apprenticeship to work        4       0.6%
Tracks A and C (both apply)     16      2.5%
Undetermined    70      11.1%
Total   628     100.0%

Meets Track A criteria (K1 = No, K2 = Yes)      No.     %
No      354     56.4%
Yes     274     43.6%
Total   628     100.0%

. 
. tabout crit_B using "$out/Results.xls", ///
>     append oneway c(freq col) format(0c 1p) layout(cb) style(xls) ///
>     h1("Analysis 1 - Meets Track B criteria: started an activity, now employer/own-account/cooperative")

Table output written to: C:\Users\WB461621\OneDrive - WBG\SPJ\Cote dIvoire\ImpactEval\Output/Results.xls

Provisional programme track     No.     %
Track A - Start-up      258     41.1%
Track B - Existing enterprise growth    280     44.6%
Track C - Apprenticeship to work        4       0.6%
Tracks A and C (both apply)     16      2.5%
Undetermined    70      11.1%
Total   628     100.0%

Meets Track A criteria (K1 = No, K2 = Yes)      No.     %
No      354     56.4%
Yes     274     43.6%
Total   628     100.0%

Meets Track B criteria (K1 = Yes, F1 = employer/own-account/coop)       No.     %
No      348     55.4%
Yes     280     44.6%
Total   628     100.0%

. 
. tabout crit_C using "$out/Results.xls", ///
>     append oneway c(freq col) format(0c 1p) layout(cb) style(xls) ///
>     h1("Analysis 1 - Meets Track C criteria: not employed, aspires to a skilled trade")

Table output written to: C:\Users\WB461621\OneDrive - WBG\SPJ\Cote dIvoire\ImpactEval\Output/Results.xls

Provisional programme track     No.     %
Track A - Start-up      258     41.1%
Track B - Existing enterprise growth    280     44.6%
Track C - Apprenticeship to work        4       0.6%
Tracks A and C (both apply)     16      2.5%
Undetermined    70      11.1%
Total   628     100.0%

Meets Track A criteria (K1 = No, K2 = Yes)      No.     %
No      354     56.4%
Yes     274     43.6%
Total   628     100.0%

Meets Track B criteria (K1 = Yes, F1 = employer/own-account/coop)       No.     %
No      348     55.4%
Yes     280     44.6%
Total   628     100.0%

Meets Track C criteria (not employed, aspires to a skilled trade)       No.     %
No      608     96.8%
Yes     20      3.2%
Total   628     100.0%

. 
. * 2.3.3 Why undetermined
. tabout undet_reason if track == 5 using "$out/Results.xls", ///
>     append oneway c(freq col) format(0c 1p) layout(cb) style(xls) ///
>     h1("Analysis 1 - Undetermined track - reason")

Table output written to: C:\Users\WB461621\OneDrive - WBG\SPJ\Cote dIvoire\ImpactEval\Output/Results.xls

Provisional programme track     No.     %
Track A - Start-up      258     41.1%
Track B - Existing enterprise growth    280     44.6%
Track C - Apprenticeship to work        4       0.6%
Tracks A and C (both apply)     16      2.5%
Undetermined    70      11.1%
Total   628     100.0%

Meets Track A criteria (K1 = No, K2 = Yes)      No.     %
No      354     56.4%
Yes     274     43.6%
Total   628     100.0%

Meets Track B criteria (K1 = Yes, F1 = employer/own-account/coop)       No.     %
No      348     55.4%
Yes     280     44.6%
Total   628     100.0%

Meets Track C criteria (not employed, aspires to a skilled trade)       No.     %
No      608     96.8%
Yes     20      3.2%
Total   628     100.0%

Reason track is undetermined    No.     %
Employed, no own enterprise (wage/family worker, apprentice, or no wish to start)       53      75.7%
Not employed, had an activity before (closed)   14      20.0%
Not employed, no wish to start, aspiration not a skilled trade  3       4.3%
Total   70      100.0%

. 
. * 2.3.4 Track by sex and by district
. tabout track C1 using "$out/Results.xls", ///
>     append c(freq col) format(0c 1p) layout(cb) style(xls) ///
>     h1("Analysis 1 - Provisional track by sex")

Table output written to: C:\Users\WB461621\OneDrive - WBG\SPJ\Cote dIvoire\ImpactEval\Output/Results.xls

Provisional programme track     No.     %
Track A - Start-up      258     41.1%
Track B - Existing enterprise growth    280     44.6%
Track C - Apprenticeship to work        4       0.6%
Tracks A and C (both apply)     16      2.5%
Undetermined    70      11.1%
Total   628     100.0%

Meets Track A criteria (K1 = No, K2 = Yes)      No.     %
No      354     56.4%
Yes     274     43.6%
Total   628     100.0%

Meets Track B criteria (K1 = Yes, F1 = employer/own-account/coop)       No.     %
No      348     55.4%
Yes     280     44.6%
Total   628     100.0%

Meets Track C criteria (not employed, aspires to a skilled trade)       No.     %
No      608     96.8%
Yes     20      3.2%
Total   628     100.0%

Reason track is undetermined    No.     %
Employed, no own enterprise (wage/family worker, apprentice, or no wish to start)       53      75.7%
Not employed, had an activity before (closed)   14      20.0%
Not employed, no wish to start, aspiration not a skilled trade  3       4.3%
Total   70      100.0%

Analysis 1 - Provisional track by sex
Provisional programme track     Male    Female  Total   Male    Female  Total
        No.     No.     No.     %       %       %
Track A - Start-up      183     75      258     43.6%   36.1%   41.1%
Track B - Existing enterprise growth    166     114     280     39.5%   54.8%   44.6%
Track C - Apprenticeship to work        4       0       4       1.0%    0.0%    0.6%
Tracks A and C (both apply)     8       8       16      1.9%    3.8%    2.5%
Undetermined    59      11      70      14.0%   5.3%    11.1%
Total   420     208     628     100.0%  100.0%  100.0%

. 
. tabout track B1 using "$out/Results.xls", ///
>     append c(freq col) format(0c 1p) layout(cb) style(xls) ///
>     h1("Analysis 1 - Provisional track by district")

Table output written to: C:\Users\WB461621\OneDrive - WBG\SPJ\Cote dIvoire\ImpactEval\Output/Results.xls

Provisional programme track     No.     %
Track A - Start-up      258     41.1%
Track B - Existing enterprise growth    280     44.6%
Track C - Apprenticeship to work        4       0.6%
Tracks A and C (both apply)     16      2.5%
Undetermined    70      11.1%
Total   628     100.0%

Meets Track A criteria (K1 = No, K2 = Yes)      No.     %
No      354     56.4%
Yes     274     43.6%
Total   628     100.0%

Meets Track B criteria (K1 = Yes, F1 = employer/own-account/coop)       No.     %
No      348     55.4%
Yes     280     44.6%
Total   628     100.0%

Meets Track C criteria (not employed, aspires to a skilled trade)       No.     %
No      608     96.8%
Yes     20      3.2%
Total   628     100.0%

Reason track is undetermined    No.     %
Employed, no own enterprise (wage/family worker, apprentice, or no wish to start)       53      75.7%
Not employed, had an activity before (closed)   14      20.0%
Not employed, no wish to start, aspiration not a skilled trade  3       4.3%
Total   70      100.0%

Analysis 1 - Provisional track by sex
Provisional programme track     Male    Female  Total   Male    Female  Total
        No.     No.     No.     %       %       %
Track A - Start-up      183     75      258     43.6%   36.1%   41.1%
Track B - Existing enterprise growth    166     114     280     39.5%   54.8%   44.6%
Track C - Apprenticeship to work        4       0       4       1.0%    0.0%    0.6%
Tracks A and C (both apply)     8       8       16      1.9%    3.8%    2.5%
Undetermined    59      11      70      14.0%   5.3%    11.1%
Total   420     208     628     100.0%  100.0%  100.0%

Analysis 1 - Provisional track by district
Provisional programme track     DENGUELE        SAVANES WOROBA  ZANZAN  Total   DENGUELE        SAVANES WOROBA  ZANZAN  Total
        No.     No.     No.     No.     No.     %       %       %       %       %
Track A - Start-up      30      123     34      71      258     44.8%   46.8%   31.5%   37.4%   41.1%
Track B - Existing enterprise growth    27      96      58      99      280     40.3%   36.5%   53.7%   52.1%   44.6%
Track C - Apprenticeship to work        1       2       0       1       4       1.5%    0.8%    0.0%    0.5%    0.6%
Tracks A and C (both apply)     2       5       1       8       16      3.0%    1.9%    0.9%    4.2%    2.5%
Undetermined    7       37      15      11      70      10.4%   14.1%   13.9%   5.8%    11.1%
Total   67      263     108     190     628     100.0%  100.0%  100.0%  100.0%  100.0%

. 
. * 2.3.5 Sensitivity: interview status and duplicate IDs
. tabout track status_ok using "$out/Results.xls", ///
>     append c(freq col) format(0c 1p) layout(cb) style(xls) ///
>     h1("Analysis 1 - Provisional track by interview status (Yes = Completed, No = rejected/assigned)")

Table output written to: C:\Users\WB461621\OneDrive - WBG\SPJ\Cote dIvoire\ImpactEval\Output/Results.xls

Provisional programme track     No.     %
Track A - Start-up      258     41.1%
Track B - Existing enterprise growth    280     44.6%
Track C - Apprenticeship to work        4       0.6%
Tracks A and C (both apply)     16      2.5%
Undetermined    70      11.1%
Total   628     100.0%

Meets Track A criteria (K1 = No, K2 = Yes)      No.     %
No      354     56.4%
Yes     274     43.6%
Total   628     100.0%

Meets Track B criteria (K1 = Yes, F1 = employer/own-account/coop)       No.     %
No      348     55.4%
Yes     280     44.6%
Total   628     100.0%

Meets Track C criteria (not employed, aspires to a skilled trade)       No.     %
No      608     96.8%
Yes     20      3.2%
Total   628     100.0%

Reason track is undetermined    No.     %
Employed, no own enterprise (wage/family worker, apprentice, or no wish to start)       53      75.7%
Not employed, had an activity before (closed)   14      20.0%
Not employed, no wish to start, aspiration not a skilled trade  3       4.3%
Total   70      100.0%

Analysis 1 - Provisional track by sex
Provisional programme track     Male    Female  Total   Male    Female  Total
        No.     No.     No.     %       %       %
Track A - Start-up      183     75      258     43.6%   36.1%   41.1%
Track B - Existing enterprise growth    166     114     280     39.5%   54.8%   44.6%
Track C - Apprenticeship to work        4       0       4       1.0%    0.0%    0.6%
Tracks A and C (both apply)     8       8       16      1.9%    3.8%    2.5%
Undetermined    59      11      70      14.0%   5.3%    11.1%
Total   420     208     628     100.0%  100.0%  100.0%

Analysis 1 - Provisional track by district
Provisional programme track     DENGUELE        SAVANES WOROBA  ZANZAN  Total   DENGUELE        SAVANES WOROBA  ZANZAN  Total
        No.     No.     No.     No.     No.     %       %       %       %       %
Track A - Start-up      30      123     34      71      258     44.8%   46.8%   31.5%   37.4%   41.1%
Track B - Existing enterprise growth    27      96      58      99      280     40.3%   36.5%   53.7%   52.1%   44.6%
Track C - Apprenticeship to work        1       2       0       1       4       1.5%    0.8%    0.0%    0.5%    0.6%
Tracks A and C (both apply)     2       5       1       8       16      3.0%    1.9%    0.9%    4.2%    2.5%
Undetermined    7       37      15      11      70      10.4%   14.1%   13.9%   5.8%    11.1%
Total   67      263     108     190     628     100.0%  100.0%  100.0%  100.0%  100.0%

Analysis 1 - Provisional track by interview status (Yes = Completed, No = rejected/assigned)
Provisional programme track     No      Yes     Total   No      Yes     Total
        No.     No.     No.     %       %       %
Track A - Start-up      76      182     258     35.5%   44.0%   41.1%
Track B - Existing enterprise growth    104     176     280     48.6%   42.5%   44.6%
Track C - Apprenticeship to work        2       2       4       0.9%    0.5%    0.6%
Tracks A and C (both apply)     8       8       16      3.7%    1.9%    2.5%
Undetermined    24      46      70      11.2%   11.1%   11.1%
Total   214     414     628     100.0%  100.0%  100.0%

. 
. tabout track if dup_id == 0 using "$out/Results.xls", ///
>     append oneway c(freq col) format(0c 1p) layout(cb) style(xls) ///
>     h1("Analysis 1 - Provisional track - excluding cover_ids with more than one completed interview")

Table output written to: C:\Users\WB461621\OneDrive - WBG\SPJ\Cote dIvoire\ImpactEval\Output/Results.xls

Provisional programme track     No.     %
Track A - Start-up      258     41.1%
Track B - Existing enterprise growth    280     44.6%
Track C - Apprenticeship to work        4       0.6%
Tracks A and C (both apply)     16      2.5%
Undetermined    70      11.1%
Total   628     100.0%

Meets Track A criteria (K1 = No, K2 = Yes)      No.     %
No      354     56.4%
Yes     274     43.6%
Total   628     100.0%

Meets Track B criteria (K1 = Yes, F1 = employer/own-account/coop)       No.     %
No      348     55.4%
Yes     280     44.6%
Total   628     100.0%

Meets Track C criteria (not employed, aspires to a skilled trade)       No.     %
No      608     96.8%
Yes     20      3.2%
Total   628     100.0%

Reason track is undetermined    No.     %
Employed, no own enterprise (wage/family worker, apprentice, or no wish to start)       53      75.7%
Not employed, had an activity before (closed)   14      20.0%
Not employed, no wish to start, aspiration not a skilled trade  3       4.3%
Total   70      100.0%

Analysis 1 - Provisional track by sex
Provisional programme track     Male    Female  Total   Male    Female  Total
        No.     No.     No.     %       %       %
Track A - Start-up      183     75      258     43.6%   36.1%   41.1%
Track B - Existing enterprise growth    166     114     280     39.5%   54.8%   44.6%
Track C - Apprenticeship to work        4       0       4       1.0%    0.0%    0.6%
Tracks A and C (both apply)     8       8       16      1.9%    3.8%    2.5%
Undetermined    59      11      70      14.0%   5.3%    11.1%
Total   420     208     628     100.0%  100.0%  100.0%

Analysis 1 - Provisional track by district
Provisional programme track     DENGUELE        SAVANES WOROBA  ZANZAN  Total   DENGUELE        SAVANES WOROBA  ZANZAN  Total
        No.     No.     No.     No.     No.     %       %       %       %       %
Track A - Start-up      30      123     34      71      258     44.8%   46.8%   31.5%   37.4%   41.1%
Track B - Existing enterprise growth    27      96      58      99      280     40.3%   36.5%   53.7%   52.1%   44.6%
Track C - Apprenticeship to work        1       2       0       1       4       1.5%    0.8%    0.0%    0.5%    0.6%
Tracks A and C (both apply)     2       5       1       8       16      3.0%    1.9%    0.9%    4.2%    2.5%
Undetermined    7       37      15      11      70      10.4%   14.1%   13.9%   5.8%    11.1%
Total   67      263     108     190     628     100.0%  100.0%  100.0%  100.0%  100.0%

Analysis 1 - Provisional track by interview status (Yes = Completed, No = rejected/assigned)
Provisional programme track     No      Yes     Total   No      Yes     Total
        No.     No.     No.     %       %       %
Track A - Start-up      76      182     258     35.5%   44.0%   41.1%
Track B - Existing enterprise growth    104     176     280     48.6%   42.5%   44.6%
Track C - Apprenticeship to work        2       2       4       0.9%    0.5%    0.6%
Tracks A and C (both apply)     8       8       16      3.7%    1.9%    2.5%
Undetermined    24      46      70      11.2%   11.1%   11.1%
Total   214     414     628     100.0%  100.0%  100.0%

Provisional programme track     No.     %
Track A - Start-up      243     40.9%
Track B - Existing enterprise growth    269     45.3%
Track C - Apprenticeship to work        4       0.7%
Tracks A and C (both apply)     14      2.4%
Undetermined    64      10.8%
Total   594     100.0%

. 
. *==============================================================================*
. * 3. ANALYSIS 2 - SECTOR CONCENTRATION BY GEOGRAPHY
. *==============================================================================*
. * Market saturation risk: are many applicants aiming for (or already in) the
. * same sector in the same area?
. *   Aspired sector : P4, all completed interviews
. *   Current sector : F2, employed applicants only (F asked if employed)
. *   Geography      : region (B2) and urban/rural (B5)
. * A region x sector cell where more than 30% of the region's applicants share
. * the same sector is flagged as a saturation risk zone.
. * Note: P4/F2 are broad sectors ("Other services" groups tailors, mechanics,
. * hairdressers...). Regions are small (see 3.1): read shares with the counts.
. 
. *------------------------------------------------------------------------------*
. * 3.1 Sample by region and urban/rural
. *------------------------------------------------------------------------------*
. tabout B2 using "$out/Results.xls", ///
>     append oneway c(freq col) format(0c 1p) layout(cb) style(xls) ///
>     h1("Analysis 2 - Completed interviews by region")

Table output written to: C:\Users\WB461621\OneDrive - WBG\SPJ\Cote dIvoire\ImpactEval\Output/Results.xls

Provisional programme track     No.     %
Track A - Start-up      258     41.1%
Track B - Existing enterprise growth    280     44.6%
Track C - Apprenticeship to work        4       0.6%
Tracks A and C (both apply)     16      2.5%
Undetermined    70      11.1%
Total   628     100.0%

Meets Track A criteria (K1 = No, K2 = Yes)      No.     %
No      354     56.4%
Yes     274     43.6%
Total   628     100.0%

Meets Track B criteria (K1 = Yes, F1 = employer/own-account/coop)       No.     %
No      348     55.4%
Yes     280     44.6%
Total   628     100.0%

Meets Track C criteria (not employed, aspires to a skilled trade)       No.     %
No      608     96.8%
Yes     20      3.2%
Total   628     100.0%

Reason track is undetermined    No.     %
Employed, no own enterprise (wage/family worker, apprentice, or no wish to start)       53      75.7%
Not employed, had an activity before (closed)   14      20.0%
Not employed, no wish to start, aspiration not a skilled trade  3       4.3%
Total   70      100.0%

Analysis 1 - Provisional track by sex
Provisional programme track     Male    Female  Total   Male    Female  Total
        No.     No.     No.     %       %       %
Track A - Start-up      183     75      258     43.6%   36.1%   41.1%
Track B - Existing enterprise growth    166     114     280     39.5%   54.8%   44.6%
Track C - Apprenticeship to work        4       0       4       1.0%    0.0%    0.6%
Tracks A and C (both apply)     8       8       16      1.9%    3.8%    2.5%
Undetermined    59      11      70      14.0%   5.3%    11.1%
Total   420     208     628     100.0%  100.0%  100.0%

Analysis 1 - Provisional track by district
Provisional programme track     DENGUELE        SAVANES WOROBA  ZANZAN  Total   DENGUELE        SAVANES WOROBA  ZANZAN  Total
        No.     No.     No.     No.     No.     %       %       %       %       %
Track A - Start-up      30      123     34      71      258     44.8%   46.8%   31.5%   37.4%   41.1%
Track B - Existing enterprise growth    27      96      58      99      280     40.3%   36.5%   53.7%   52.1%   44.6%
Track C - Apprenticeship to work        1       2       0       1       4       1.5%    0.8%    0.0%    0.5%    0.6%
Tracks A and C (both apply)     2       5       1       8       16      3.0%    1.9%    0.9%    4.2%    2.5%
Undetermined    7       37      15      11      70      10.4%   14.1%   13.9%   5.8%    11.1%
Total   67      263     108     190     628     100.0%  100.0%  100.0%  100.0%  100.0%

Analysis 1 - Provisional track by interview status (Yes = Completed, No = rejected/assigned)
Provisional programme track     No      Yes     Total   No      Yes     Total
        No.     No.     No.     %       %       %
Track A - Start-up      76      182     258     35.5%   44.0%   41.1%
Track B - Existing enterprise growth    104     176     280     48.6%   42.5%   44.6%
Track C - Apprenticeship to work        2       2       4       0.9%    0.5%    0.6%
Tracks A and C (both apply)     8       8       16      3.7%    1.9%    2.5%
Undetermined    24      46      70      11.2%   11.1%   11.1%
Total   214     414     628     100.0%  100.0%  100.0%

Provisional programme track     No.     %
Track A - Start-up      243     40.9%
Track B - Existing enterprise growth    269     45.3%
Track C - Apprenticeship to work        4       0.7%
Tracks A and C (both apply)     14      2.4%
Undetermined    64      10.8%
Total   594     100.0%

B2. Region      No.     %
KABADOUGOU      34      5.4%
FOLON   33      5.3%
PORO    139     22.1%
BAGOUE  18      2.9%
TCHOLOGO        106     16.9%
WORODOUGOU      42      6.7%
BAFING  14      2.2%
BERE    52      8.3%
GONTOUGO        144     22.9%
BOUNKANI        46      7.3%
Total   628     100.0%

. 
. tabout B2 B5 using "$out/Results.xls", ///
>     append c(freq row) format(0c 1p) layout(cb) style(xls) ///
>     h1("Analysis 2 - Completed interviews by region and urban/rural")

Table output written to: C:\Users\WB461621\OneDrive - WBG\SPJ\Cote dIvoire\ImpactEval\Output/Results.xls

Provisional programme track     No.     %
Track A - Start-up      258     41.1%
Track B - Existing enterprise growth    280     44.6%
Track C - Apprenticeship to work        4       0.6%
Tracks A and C (both apply)     16      2.5%
Undetermined    70      11.1%
Total   628     100.0%

Meets Track A criteria (K1 = No, K2 = Yes)      No.     %
No      354     56.4%
Yes     274     43.6%
Total   628     100.0%

Meets Track B criteria (K1 = Yes, F1 = employer/own-account/coop)       No.     %
No      348     55.4%
Yes     280     44.6%
Total   628     100.0%

Meets Track C criteria (not employed, aspires to a skilled trade)       No.     %
No      608     96.8%
Yes     20      3.2%
Total   628     100.0%

Reason track is undetermined    No.     %
Employed, no own enterprise (wage/family worker, apprentice, or no wish to start)       53      75.7%
Not employed, had an activity before (closed)   14      20.0%
Not employed, no wish to start, aspiration not a skilled trade  3       4.3%
Total   70      100.0%

Analysis 1 - Provisional track by sex
Provisional programme track     Male    Female  Total   Male    Female  Total
        No.     No.     No.     %       %       %
Track A - Start-up      183     75      258     43.6%   36.1%   41.1%
Track B - Existing enterprise growth    166     114     280     39.5%   54.8%   44.6%
Track C - Apprenticeship to work        4       0       4       1.0%    0.0%    0.6%
Tracks A and C (both apply)     8       8       16      1.9%    3.8%    2.5%
Undetermined    59      11      70      14.0%   5.3%    11.1%
Total   420     208     628     100.0%  100.0%  100.0%

Analysis 1 - Provisional track by district
Provisional programme track     DENGUELE        SAVANES WOROBA  ZANZAN  Total   DENGUELE        SAVANES WOROBA  ZANZAN  Total
        No.     No.     No.     No.     No.     %       %       %       %       %
Track A - Start-up      30      123     34      71      258     44.8%   46.8%   31.5%   37.4%   41.1%
Track B - Existing enterprise growth    27      96      58      99      280     40.3%   36.5%   53.7%   52.1%   44.6%
Track C - Apprenticeship to work        1       2       0       1       4       1.5%    0.8%    0.0%    0.5%    0.6%
Tracks A and C (both apply)     2       5       1       8       16      3.0%    1.9%    0.9%    4.2%    2.5%
Undetermined    7       37      15      11      70      10.4%   14.1%   13.9%   5.8%    11.1%
Total   67      263     108     190     628     100.0%  100.0%  100.0%  100.0%  100.0%

Analysis 1 - Provisional track by interview status (Yes = Completed, No = rejected/assigned)
Provisional programme track     No      Yes     Total   No      Yes     Total
        No.     No.     No.     %       %       %
Track A - Start-up      76      182     258     35.5%   44.0%   41.1%
Track B - Existing enterprise growth    104     176     280     48.6%   42.5%   44.6%
Track C - Apprenticeship to work        2       2       4       0.9%    0.5%    0.6%
Tracks A and C (both apply)     8       8       16      3.7%    1.9%    2.5%
Undetermined    24      46      70      11.2%   11.1%   11.1%
Total   214     414     628     100.0%  100.0%  100.0%

Provisional programme track     No.     %
Track A - Start-up      243     40.9%
Track B - Existing enterprise growth    269     45.3%
Track C - Apprenticeship to work        4       0.7%
Tracks A and C (both apply)     14      2.4%
Undetermined    64      10.8%
Total   594     100.0%

B2. Region      No.     %
KABADOUGOU      34      5.4%
FOLON   33      5.3%
PORO    139     22.1%
BAGOUE  18      2.9%
TCHOLOGO        106     16.9%
WORODOUGOU      42      6.7%
BAFING  14      2.2%
BERE    52      8.3%
GONTOUGO        144     22.9%
BOUNKANI        46      7.3%
Total   628     100.0%

Analysis 2 - Completed interviews by region and urban/rural
B2. Region      Urban   Rural   Total   Urban   Rural   Total
        No.     No.     No.     %       %       %
KABADOUGOU      3       31      34      8.8%    91.2%   100.0%
FOLON   9       24      33      27.3%   72.7%   100.0%
PORO    33      106     139     23.7%   76.3%   100.0%
BAGOUE  3       15      18      16.7%   83.3%   100.0%
TCHOLOGO        6       100     106     5.7%    94.3%   100.0%
WORODOUGOU      20      22      42      47.6%   52.4%   100.0%
BAFING  2       12      14      14.3%   85.7%   100.0%
BERE    8       44      52      15.4%   84.6%   100.0%
GONTOUGO        24      120     144     16.7%   83.3%   100.0%
BOUNKANI        8       38      46      17.4%   82.6%   100.0%
Total   116     512     628     18.5%   81.5%   100.0%

. 
. *------------------------------------------------------------------------------*
. * 3.2 Aspired sector (P4) by region and by urban/rural
. *------------------------------------------------------------------------------*
. tabout P4 B2 using "$out/Results.xls", ///
>     append c(freq col) format(0c 1p) layout(cb) style(xls) ///
>     h1("Analysis 2 - Aspired sector (P4) by region: number and % of the region's applicants")

Table output written to: C:\Users\WB461621\OneDrive - WBG\SPJ\Cote dIvoire\ImpactEval\Output/Results.xls

Provisional programme track     No.     %
Track A - Start-up      258     41.1%
Track B - Existing enterprise growth    280     44.6%
Track C - Apprenticeship to work        4       0.6%
Tracks A and C (both apply)     16      2.5%
Undetermined    70      11.1%
Total   628     100.0%

Meets Track A criteria (K1 = No, K2 = Yes)      No.     %
No      354     56.4%
Yes     274     43.6%
Total   628     100.0%

Meets Track B criteria (K1 = Yes, F1 = employer/own-account/coop)       No.     %
No      348     55.4%
Yes     280     44.6%
Total   628     100.0%

Meets Track C criteria (not employed, aspires to a skilled trade)       No.     %
No      608     96.8%
Yes     20      3.2%
Total   628     100.0%

Reason track is undetermined    No.     %
Employed, no own enterprise (wage/family worker, apprentice, or no wish to start)       53      75.7%
Not employed, had an activity before (closed)   14      20.0%
Not employed, no wish to start, aspiration not a skilled trade  3       4.3%
Total   70      100.0%

Analysis 1 - Provisional track by sex
Provisional programme track     Male    Female  Total   Male    Female  Total
        No.     No.     No.     %       %       %
Track A - Start-up      183     75      258     43.6%   36.1%   41.1%
Track B - Existing enterprise growth    166     114     280     39.5%   54.8%   44.6%
Track C - Apprenticeship to work        4       0       4       1.0%    0.0%    0.6%
Tracks A and C (both apply)     8       8       16      1.9%    3.8%    2.5%
Undetermined    59      11      70      14.0%   5.3%    11.1%
Total   420     208     628     100.0%  100.0%  100.0%

Analysis 1 - Provisional track by district
Provisional programme track     DENGUELE        SAVANES WOROBA  ZANZAN  Total   DENGUELE        SAVANES WOROBA  ZANZAN  Total
        No.     No.     No.     No.     No.     %       %       %       %       %
Track A - Start-up      30      123     34      71      258     44.8%   46.8%   31.5%   37.4%   41.1%
Track B - Existing enterprise growth    27      96      58      99      280     40.3%   36.5%   53.7%   52.1%   44.6%
Track C - Apprenticeship to work        1       2       0       1       4       1.5%    0.8%    0.0%    0.5%    0.6%
Tracks A and C (both apply)     2       5       1       8       16      3.0%    1.9%    0.9%    4.2%    2.5%
Undetermined    7       37      15      11      70      10.4%   14.1%   13.9%   5.8%    11.1%
Total   67      263     108     190     628     100.0%  100.0%  100.0%  100.0%  100.0%

Analysis 1 - Provisional track by interview status (Yes = Completed, No = rejected/assigned)
Provisional programme track     No      Yes     Total   No      Yes     Total
        No.     No.     No.     %       %       %
Track A - Start-up      76      182     258     35.5%   44.0%   41.1%
Track B - Existing enterprise growth    104     176     280     48.6%   42.5%   44.6%
Track C - Apprenticeship to work        2       2       4       0.9%    0.5%    0.6%
Tracks A and C (both apply)     8       8       16      3.7%    1.9%    2.5%
Undetermined    24      46      70      11.2%   11.1%   11.1%
Total   214     414     628     100.0%  100.0%  100.0%

Provisional programme track     No.     %
Track A - Start-up      243     40.9%
Track B - Existing enterprise growth    269     45.3%
Track C - Apprenticeship to work        4       0.7%
Tracks A and C (both apply)     14      2.4%
Undetermined    64      10.8%
Total   594     100.0%

B2. Region      No.     %
KABADOUGOU      34      5.4%
FOLON   33      5.3%
PORO    139     22.1%
BAGOUE  18      2.9%
TCHOLOGO        106     16.9%
WORODOUGOU      42      6.7%
BAFING  14      2.2%
BERE    52      8.3%
GONTOUGO        144     22.9%
BOUNKANI        46      7.3%
Total   628     100.0%

Analysis 2 - Completed interviews by region and urban/rural
B2. Region      Urban   Rural   Total   Urban   Rural   Total
        No.     No.     No.     %       %       %
KABADOUGOU      3       31      34      8.8%    91.2%   100.0%
FOLON   9       24      33      27.3%   72.7%   100.0%
PORO    33      106     139     23.7%   76.3%   100.0%
BAGOUE  3       15      18      16.7%   83.3%   100.0%
TCHOLOGO        6       100     106     5.7%    94.3%   100.0%
WORODOUGOU      20      22      42      47.6%   52.4%   100.0%
BAFING  2       12      14      14.3%   85.7%   100.0%
BERE    8       44      52      15.4%   84.6%   100.0%
GONTOUGO        24      120     144     16.7%   83.3%   100.0%
BOUNKANI        8       38      46      17.4%   82.6%   100.0%
Total   116     512     628     18.5%   81.5%   100.0%

Analysis 2 - Aspired sector (P4) by region: number and % of the region's applicants
P4. Sector of greatest interest KABADOUGOU      FOLON   PORO    BAGOUE  TCHOLOGO        WORODOUGOU      BAFING  BERE    GONTOUGO        BOUNKANI        Total   KABADOUGOU      FOLON   PORO    BAGOUE  TCHOLOGO        WORODOUGOU      BAFING  BERE    GONT
> OUGO        BOUNKANI        Total
        No.     No.     No.     No.     No.     No.     No.     No.     No.     No.     No.     %       %       %       %       %       %       %       %       %       %       %
Agriculture, livestock, fishing, forestry       6       7       27      4       16      6       5       19      15      5       110     17.6%   21.2%   19.4%   22.2%   15.1%   14.3%   35.7%   36.5%   10.4%   10.9%   17.5%
Manufacturing   0       4       0       1       0       0       0       0       0       1       6       0.0%    12.1%   0.0%    5.6%    0.0%    0.0%    0.0%    0.0%    0.0%    2.2%    1.0%
Construction    6       4       17      4       6       2       2       3       15      3       62      17.6%   12.1%   12.2%   22.2%   5.7%    4.8%    14.3%   5.8%    10.4%   6.5%    9.9%
Wholesale / retail trade        13      9       67      7       72      28      1       18      54      21      290     38.2%   27.3%   48.2%   38.9%   67.9%   66.7%   7.1%    34.6%   37.5%   45.7%   46.2%
Transport, storage, logistics   1       0       5       0       1       2       0       1       2       0       12      2.9%    0.0%    3.6%    0.0%    0.9%    4.8%    0.0%    1.9%    1.4%    0.0%    1.9%
Accommodation and food services 0       0       0       0       1       0       0       2       2       0       5       0.0%    0.0%    0.0%    0.0%    0.9%    0.0%    0.0%    3.8%    1.4%    0.0%    0.8%
Information, communication, digital     0       0       0       0       0       0       0       1       0       1       2       0.0%    0.0%    0.0%    0.0%    0.0%    0.0%    0.0%    1.9%    0.0%    2.2%    0.3%
Finance and insurance   0       0       0       0       0       1       0       0       0       0       1       0.0%    0.0%    0.0%    0.0%    0.0%    2.4%    0.0%    0.0%    0.0%    0.0%    0.2%
Public administration   1       0       1       0       0       0       0       2       2       0       6       2.9%    0.0%    0.7%    0.0%    0.0%    0.0%    0.0%    3.8%    1.4%    0.0%    1.0%
Education       0       0       1       0       0       0       0       0       0       0       1       0.0%    0.0%    0.7%    0.0%    0.0%    0.0%    0.0%    0.0%    0.0%    0.0%    0.2%
Health and social work  2       0       0       0       0       0       0       0       1       0       3       5.9%    0.0%    0.0%    0.0%    0.0%    0.0%    0.0%    0.0%    0.7%    0.0%    0.5%
Other services (repair, personal, arts) 2       8       18      0       8       3       0       3       18      11      71      5.9%    24.2%   12.9%   0.0%    7.5%    7.1%    0.0%    5.8%    12.5%   23.9%   11.3%
Other   3       1       3       2       2       0       6       3       35      4       59      8.8%    3.0%    2.2%    11.1%   1.9%    0.0%    42.9%   5.8%    24.3%   8.7%    9.4%
Total   34      33      139     18      106     42      14      52      144     46      628     100.0%  100.0%  100.0%  100.0%  100.0%  100.0%  100.0%  100.0%  100.0%  100.0%  100.0%

. 
. tabout P4 B5 using "$out/Results.xls", ///
>     append c(freq col) format(0c 1p) layout(cb) style(xls) ///
>     h1("Analysis 2 - Aspired sector (P4) by urban/rural")

Table output written to: C:\Users\WB461621\OneDrive - WBG\SPJ\Cote dIvoire\ImpactEval\Output/Results.xls

Provisional programme track     No.     %
Track A - Start-up      258     41.1%
Track B - Existing enterprise growth    280     44.6%
Track C - Apprenticeship to work        4       0.6%
Tracks A and C (both apply)     16      2.5%
Undetermined    70      11.1%
Total   628     100.0%

Meets Track A criteria (K1 = No, K2 = Yes)      No.     %
No      354     56.4%
Yes     274     43.6%
Total   628     100.0%

Meets Track B criteria (K1 = Yes, F1 = employer/own-account/coop)       No.     %
No      348     55.4%
Yes     280     44.6%
Total   628     100.0%

Meets Track C criteria (not employed, aspires to a skilled trade)       No.     %
No      608     96.8%
Yes     20      3.2%
Total   628     100.0%

Reason track is undetermined    No.     %
Employed, no own enterprise (wage/family worker, apprentice, or no wish to start)       53      75.7%
Not employed, had an activity before (closed)   14      20.0%
Not employed, no wish to start, aspiration not a skilled trade  3       4.3%
Total   70      100.0%

Analysis 1 - Provisional track by sex
Provisional programme track     Male    Female  Total   Male    Female  Total
        No.     No.     No.     %       %       %
Track A - Start-up      183     75      258     43.6%   36.1%   41.1%
Track B - Existing enterprise growth    166     114     280     39.5%   54.8%   44.6%
Track C - Apprenticeship to work        4       0       4       1.0%    0.0%    0.6%
Tracks A and C (both apply)     8       8       16      1.9%    3.8%    2.5%
Undetermined    59      11      70      14.0%   5.3%    11.1%
Total   420     208     628     100.0%  100.0%  100.0%

Analysis 1 - Provisional track by district
Provisional programme track     DENGUELE        SAVANES WOROBA  ZANZAN  Total   DENGUELE        SAVANES WOROBA  ZANZAN  Total
        No.     No.     No.     No.     No.     %       %       %       %       %
Track A - Start-up      30      123     34      71      258     44.8%   46.8%   31.5%   37.4%   41.1%
Track B - Existing enterprise growth    27      96      58      99      280     40.3%   36.5%   53.7%   52.1%   44.6%
Track C - Apprenticeship to work        1       2       0       1       4       1.5%    0.8%    0.0%    0.5%    0.6%
Tracks A and C (both apply)     2       5       1       8       16      3.0%    1.9%    0.9%    4.2%    2.5%
Undetermined    7       37      15      11      70      10.4%   14.1%   13.9%   5.8%    11.1%
Total   67      263     108     190     628     100.0%  100.0%  100.0%  100.0%  100.0%

Analysis 1 - Provisional track by interview status (Yes = Completed, No = rejected/assigned)
Provisional programme track     No      Yes     Total   No      Yes     Total
        No.     No.     No.     %       %       %
Track A - Start-up      76      182     258     35.5%   44.0%   41.1%
Track B - Existing enterprise growth    104     176     280     48.6%   42.5%   44.6%
Track C - Apprenticeship to work        2       2       4       0.9%    0.5%    0.6%
Tracks A and C (both apply)     8       8       16      3.7%    1.9%    2.5%
Undetermined    24      46      70      11.2%   11.1%   11.1%
Total   214     414     628     100.0%  100.0%  100.0%

Provisional programme track     No.     %
Track A - Start-up      243     40.9%
Track B - Existing enterprise growth    269     45.3%
Track C - Apprenticeship to work        4       0.7%
Tracks A and C (both apply)     14      2.4%
Undetermined    64      10.8%
Total   594     100.0%

B2. Region      No.     %
KABADOUGOU      34      5.4%
FOLON   33      5.3%
PORO    139     22.1%
BAGOUE  18      2.9%
TCHOLOGO        106     16.9%
WORODOUGOU      42      6.7%
BAFING  14      2.2%
BERE    52      8.3%
GONTOUGO        144     22.9%
BOUNKANI        46      7.3%
Total   628     100.0%

Analysis 2 - Completed interviews by region and urban/rural
B2. Region      Urban   Rural   Total   Urban   Rural   Total
        No.     No.     No.     %       %       %
KABADOUGOU      3       31      34      8.8%    91.2%   100.0%
FOLON   9       24      33      27.3%   72.7%   100.0%
PORO    33      106     139     23.7%   76.3%   100.0%
BAGOUE  3       15      18      16.7%   83.3%   100.0%
TCHOLOGO        6       100     106     5.7%    94.3%   100.0%
WORODOUGOU      20      22      42      47.6%   52.4%   100.0%
BAFING  2       12      14      14.3%   85.7%   100.0%
BERE    8       44      52      15.4%   84.6%   100.0%
GONTOUGO        24      120     144     16.7%   83.3%   100.0%
BOUNKANI        8       38      46      17.4%   82.6%   100.0%
Total   116     512     628     18.5%   81.5%   100.0%

Analysis 2 - Aspired sector (P4) by region: number and % of the region's applicants
P4. Sector of greatest interest KABADOUGOU      FOLON   PORO    BAGOUE  TCHOLOGO        WORODOUGOU      BAFING  BERE    GONTOUGO        BOUNKANI        Total   KABADOUGOU      FOLON   PORO    BAGOUE  TCHOLOGO        WORODOUGOU      BAFING  BERE    GONT
> OUGO        BOUNKANI        Total
        No.     No.     No.     No.     No.     No.     No.     No.     No.     No.     No.     %       %       %       %       %       %       %       %       %       %       %
Agriculture, livestock, fishing, forestry       6       7       27      4       16      6       5       19      15      5       110     17.6%   21.2%   19.4%   22.2%   15.1%   14.3%   35.7%   36.5%   10.4%   10.9%   17.5%
Manufacturing   0       4       0       1       0       0       0       0       0       1       6       0.0%    12.1%   0.0%    5.6%    0.0%    0.0%    0.0%    0.0%    0.0%    2.2%    1.0%
Construction    6       4       17      4       6       2       2       3       15      3       62      17.6%   12.1%   12.2%   22.2%   5.7%    4.8%    14.3%   5.8%    10.4%   6.5%    9.9%
Wholesale / retail trade        13      9       67      7       72      28      1       18      54      21      290     38.2%   27.3%   48.2%   38.9%   67.9%   66.7%   7.1%    34.6%   37.5%   45.7%   46.2%
Transport, storage, logistics   1       0       5       0       1       2       0       1       2       0       12      2.9%    0.0%    3.6%    0.0%    0.9%    4.8%    0.0%    1.9%    1.4%    0.0%    1.9%
Accommodation and food services 0       0       0       0       1       0       0       2       2       0       5       0.0%    0.0%    0.0%    0.0%    0.9%    0.0%    0.0%    3.8%    1.4%    0.0%    0.8%
Information, communication, digital     0       0       0       0       0       0       0       1       0       1       2       0.0%    0.0%    0.0%    0.0%    0.0%    0.0%    0.0%    1.9%    0.0%    2.2%    0.3%
Finance and insurance   0       0       0       0       0       1       0       0       0       0       1       0.0%    0.0%    0.0%    0.0%    0.0%    2.4%    0.0%    0.0%    0.0%    0.0%    0.2%
Public administration   1       0       1       0       0       0       0       2       2       0       6       2.9%    0.0%    0.7%    0.0%    0.0%    0.0%    0.0%    3.8%    1.4%    0.0%    1.0%
Education       0       0       1       0       0       0       0       0       0       0       1       0.0%    0.0%    0.7%    0.0%    0.0%    0.0%    0.0%    0.0%    0.0%    0.0%    0.2%
Health and social work  2       0       0       0       0       0       0       0       1       0       3       5.9%    0.0%    0.0%    0.0%    0.0%    0.0%    0.0%    0.0%    0.7%    0.0%    0.5%
Other services (repair, personal, arts) 2       8       18      0       8       3       0       3       18      11      71      5.9%    24.2%   12.9%   0.0%    7.5%    7.1%    0.0%    5.8%    12.5%   23.9%   11.3%
Other   3       1       3       2       2       0       6       3       35      4       59      8.8%    3.0%    2.2%    11.1%   1.9%    0.0%    42.9%   5.8%    24.3%   8.7%    9.4%
Total   34      33      139     18      106     42      14      52      144     46      628     100.0%  100.0%  100.0%  100.0%  100.0%  100.0%  100.0%  100.0%  100.0%  100.0%  100.0%

Analysis 2 - Aspired sector (P4) by urban/rural
P4. Sector of greatest interest Urban   Rural   Total   Urban   Rural   Total
        No.     No.     No.     %       %       %
Agriculture, livestock, fishing, forestry       14      96      110     12.1%   18.8%   17.5%
Manufacturing   3       3       6       2.6%    0.6%    1.0%
Construction    13      49      62      11.2%   9.6%    9.9%
Wholesale / retail trade        57      233     290     49.1%   45.5%   46.2%
Transport, storage, logistics   3       9       12      2.6%    1.8%    1.9%
Accommodation and food services 1       4       5       0.9%    0.8%    0.8%
Information, communication, digital     1       1       2       0.9%    0.2%    0.3%
Finance and insurance   1       0       1       0.9%    0.0%    0.2%
Public administration   2       4       6       1.7%    0.8%    1.0%
Education       1       0       1       0.9%    0.0%    0.2%
Health and social work  0       3       3       0.0%    0.6%    0.5%
Other services (repair, personal, arts) 13      58      71      11.2%   11.3%   11.3%
Other   7       52      59      6.0%    10.2%   9.4%
Total   116     512     628     100.0%  100.0%  100.0%

. 
. *------------------------------------------------------------------------------*
. * 3.3 Aspired sector: top 3 per region and saturation risk (> 30%)
. *------------------------------------------------------------------------------*
. preserve

.     keep if !missing(P4, B2)
(0 observations deleted)

.     gen byte one = 1

.     collapse (sum) n = one, by(B2 P4)

. 
.     bysort B2: egen n_region = total(n)

.     gen share = 100 * n / n_region

.     egen rank = rank(-n), by(B2) field          // 1 = most common; ties share a rank

.     gen byte saturation = (share > 30)

. 
.     label var n          "Applicants aspiring to the sector"

.     label var n_region   "Applicants in the region"

.     label var share      "Share of the region's applicants (%)"

.     label var rank       "Rank of the sector in the region"

.     label var saturation "More than 30% of the region's applicants"

. 
.     * Spot check
.     sort B2 rank

.     list B2 P4 n n_region share rank saturation if rank <= 3, sepby(B2) noobs

  +----------------------------------------------------------------------------------------------------+
  |         B2                                          P4   n   n_region      share   rank   satura~n |
  |----------------------------------------------------------------------------------------------------|
  | KABADOUGOU                       Public administration   1         34   2.941176      1          0 |
  | KABADOUGOU               Transport, storage, logistics   1         34   2.941176      1          0 |
  | KABADOUGOU                      Health and social work   2         34   5.882353      3          0 |
  | KABADOUGOU     Other services (repair, personal, arts)   2         34   5.882353      3          0 |
  |----------------------------------------------------------------------------------------------------|
  |      FOLON                                       Other   1         33   3.030303      1          0 |
  |      FOLON                               Manufacturing   4         33   12.12121      2          0 |
  |      FOLON                                Construction   4         33   12.12121      2          0 |
  |----------------------------------------------------------------------------------------------------|
  |       PORO                                   Education   1        139   .7194245      1          0 |
  |       PORO                       Public administration   1        139   .7194245      1          0 |
  |       PORO                                       Other   3        139   2.158273      3          0 |
  |----------------------------------------------------------------------------------------------------|
  |     BAGOUE                               Manufacturing   1         18   5.555555      1          0 |
  |     BAGOUE                                       Other   2         18   11.11111      2          0 |
  |     BAGOUE   Agriculture, livestock, fishing, forestry   4         18   22.22222      3          0 |
  |     BAGOUE                                Construction   4         18   22.22222      3          0 |
  |----------------------------------------------------------------------------------------------------|
  |   TCHOLOGO               Transport, storage, logistics   1        106   .9433962      1          0 |
  |   TCHOLOGO             Accommodation and food services   1        106   .9433962      1          0 |
  |   TCHOLOGO                                       Other   2        106   1.886792      3          0 |
  |----------------------------------------------------------------------------------------------------|
  | WORODOUGOU                       Finance and insurance   1         42   2.380952      1          0 |
  | WORODOUGOU                                Construction   2         42   4.761905      2          0 |
  | WORODOUGOU               Transport, storage, logistics   2         42   4.761905      2          0 |
  |----------------------------------------------------------------------------------------------------|
  |     BAFING                    Wholesale / retail trade   1         14   7.142857      1          0 |
  |     BAFING                                Construction   2         14   14.28571      2          0 |
  |     BAFING   Agriculture, livestock, fishing, forestry   5         14   35.71429      3          1 |
  |----------------------------------------------------------------------------------------------------|
  |       BERE               Transport, storage, logistics   1         52   1.923077      1          0 |
  |       BERE         Information, communication, digital   1         52   1.923077      1          0 |
  |       BERE             Accommodation and food services   2         52   3.846154      3          0 |
  |       BERE                       Public administration   2         52   3.846154      3          0 |
  |----------------------------------------------------------------------------------------------------|
  |   GONTOUGO                      Health and social work   1        144   .6944444      1          0 |
  |   GONTOUGO               Transport, storage, logistics   2        144   1.388889      2          0 |
  |   GONTOUGO                       Public administration   2        144   1.388889      2          0 |
  |   GONTOUGO             Accommodation and food services   2        144   1.388889      2          0 |
  |----------------------------------------------------------------------------------------------------|
  |   BOUNKANI         Information, communication, digital   1         46   2.173913      1          0 |
  |   BOUNKANI                               Manufacturing   1         46   2.173913      1          0 |
  |   BOUNKANI                                Construction   3         46   6.521739      3          0 |
  +----------------------------------------------------------------------------------------------------+

. 
.     tabout P4 B2 if rank <= 3 using "$out/Results.xls", ///
>         append sum c(mean share) format(1) layout(cb) style(xls) ///
>         h1("Analysis 2 - Top 3 aspired sectors in each region: % of the region's applicants (blank = not in top 3)")

Table output written to: C:\Users\WB461621\OneDrive - WBG\SPJ\Cote dIvoire\ImpactEval\Output/Results.xls

Provisional programme track     No.     %
Track A - Start-up      258     41.1%
Track B - Existing enterprise growth    280     44.6%
Track C - Apprenticeship to work        4       0.6%
Tracks A and C (both apply)     16      2.5%
Undetermined    70      11.1%
Total   628     100.0%

Meets Track A criteria (K1 = No, K2 = Yes)      No.     %
No      354     56.4%
Yes     274     43.6%
Total   628     100.0%

Meets Track B criteria (K1 = Yes, F1 = employer/own-account/coop)       No.     %
No      348     55.4%
Yes     280     44.6%
Total   628     100.0%

Meets Track C criteria (not employed, aspires to a skilled trade)       No.     %
No      608     96.8%
Yes     20      3.2%
Total   628     100.0%

Reason track is undetermined    No.     %
Employed, no own enterprise (wage/family worker, apprentice, or no wish to start)       53      75.7%
Not employed, had an activity before (closed)   14      20.0%
Not employed, no wish to start, aspiration not a skilled trade  3       4.3%
Total   70      100.0%

Analysis 1 - Provisional track by sex
Provisional programme track     Male    Female  Total   Male    Female  Total
        No.     No.     No.     %       %       %
Track A - Start-up      183     75      258     43.6%   36.1%   41.1%
Track B - Existing enterprise growth    166     114     280     39.5%   54.8%   44.6%
Track C - Apprenticeship to work        4       0       4       1.0%    0.0%    0.6%
Tracks A and C (both apply)     8       8       16      1.9%    3.8%    2.5%
Undetermined    59      11      70      14.0%   5.3%    11.1%
Total   420     208     628     100.0%  100.0%  100.0%

Analysis 1 - Provisional track by district
Provisional programme track     DENGUELE        SAVANES WOROBA  ZANZAN  Total   DENGUELE        SAVANES WOROBA  ZANZAN  Total
        No.     No.     No.     No.     No.     %       %       %       %       %
Track A - Start-up      30      123     34      71      258     44.8%   46.8%   31.5%   37.4%   41.1%
Track B - Existing enterprise growth    27      96      58      99      280     40.3%   36.5%   53.7%   52.1%   44.6%
Track C - Apprenticeship to work        1       2       0       1       4       1.5%    0.8%    0.0%    0.5%    0.6%
Tracks A and C (both apply)     2       5       1       8       16      3.0%    1.9%    0.9%    4.2%    2.5%
Undetermined    7       37      15      11      70      10.4%   14.1%   13.9%   5.8%    11.1%
Total   67      263     108     190     628     100.0%  100.0%  100.0%  100.0%  100.0%

Analysis 1 - Provisional track by interview status (Yes = Completed, No = rejected/assigned)
Provisional programme track     No      Yes     Total   No      Yes     Total
        No.     No.     No.     %       %       %
Track A - Start-up      76      182     258     35.5%   44.0%   41.1%
Track B - Existing enterprise growth    104     176     280     48.6%   42.5%   44.6%
Track C - Apprenticeship to work        2       2       4       0.9%    0.5%    0.6%
Tracks A and C (both apply)     8       8       16      3.7%    1.9%    2.5%
Undetermined    24      46      70      11.2%   11.1%   11.1%
Total   214     414     628     100.0%  100.0%  100.0%

Provisional programme track     No.     %
Track A - Start-up      243     40.9%
Track B - Existing enterprise growth    269     45.3%
Track C - Apprenticeship to work        4       0.7%
Tracks A and C (both apply)     14      2.4%
Undetermined    64      10.8%
Total   594     100.0%

B2. Region      No.     %
KABADOUGOU      34      5.4%
FOLON   33      5.3%
PORO    139     22.1%
BAGOUE  18      2.9%
TCHOLOGO        106     16.9%
WORODOUGOU      42      6.7%
BAFING  14      2.2%
BERE    52      8.3%
GONTOUGO        144     22.9%
BOUNKANI        46      7.3%
Total   628     100.0%

Analysis 2 - Completed interviews by region and urban/rural
B2. Region      Urban   Rural   Total   Urban   Rural   Total
        No.     No.     No.     %       %       %
KABADOUGOU      3       31      34      8.8%    91.2%   100.0%
FOLON   9       24      33      27.3%   72.7%   100.0%
PORO    33      106     139     23.7%   76.3%   100.0%
BAGOUE  3       15      18      16.7%   83.3%   100.0%
TCHOLOGO        6       100     106     5.7%    94.3%   100.0%
WORODOUGOU      20      22      42      47.6%   52.4%   100.0%
BAFING  2       12      14      14.3%   85.7%   100.0%
BERE    8       44      52      15.4%   84.6%   100.0%
GONTOUGO        24      120     144     16.7%   83.3%   100.0%
BOUNKANI        8       38      46      17.4%   82.6%   100.0%
Total   116     512     628     18.5%   81.5%   100.0%

Analysis 2 - Aspired sector (P4) by region: number and % of the region's applicants
P4. Sector of greatest interest KABADOUGOU      FOLON   PORO    BAGOUE  TCHOLOGO        WORODOUGOU      BAFING  BERE    GONTOUGO        BOUNKANI        Total   KABADOUGOU      FOLON   PORO    BAGOUE  TCHOLOGO        WORODOUGOU      BAFING  BERE    GONT
> OUGO        BOUNKANI        Total
        No.     No.     No.     No.     No.     No.     No.     No.     No.     No.     No.     %       %       %       %       %       %       %       %       %       %       %
Agriculture, livestock, fishing, forestry       6       7       27      4       16      6       5       19      15      5       110     17.6%   21.2%   19.4%   22.2%   15.1%   14.3%   35.7%   36.5%   10.4%   10.9%   17.5%
Manufacturing   0       4       0       1       0       0       0       0       0       1       6       0.0%    12.1%   0.0%    5.6%    0.0%    0.0%    0.0%    0.0%    0.0%    2.2%    1.0%
Construction    6       4       17      4       6       2       2       3       15      3       62      17.6%   12.1%   12.2%   22.2%   5.7%    4.8%    14.3%   5.8%    10.4%   6.5%    9.9%
Wholesale / retail trade        13      9       67      7       72      28      1       18      54      21      290     38.2%   27.3%   48.2%   38.9%   67.9%   66.7%   7.1%    34.6%   37.5%   45.7%   46.2%
Transport, storage, logistics   1       0       5       0       1       2       0       1       2       0       12      2.9%    0.0%    3.6%    0.0%    0.9%    4.8%    0.0%    1.9%    1.4%    0.0%    1.9%
Accommodation and food services 0       0       0       0       1       0       0       2       2       0       5       0.0%    0.0%    0.0%    0.0%    0.9%    0.0%    0.0%    3.8%    1.4%    0.0%    0.8%
Information, communication, digital     0       0       0       0       0       0       0       1       0       1       2       0.0%    0.0%    0.0%    0.0%    0.0%    0.0%    0.0%    1.9%    0.0%    2.2%    0.3%
Finance and insurance   0       0       0       0       0       1       0       0       0       0       1       0.0%    0.0%    0.0%    0.0%    0.0%    2.4%    0.0%    0.0%    0.0%    0.0%    0.2%
Public administration   1       0       1       0       0       0       0       2       2       0       6       2.9%    0.0%    0.7%    0.0%    0.0%    0.0%    0.0%    3.8%    1.4%    0.0%    1.0%
Education       0       0       1       0       0       0       0       0       0       0       1       0.0%    0.0%    0.7%    0.0%    0.0%    0.0%    0.0%    0.0%    0.0%    0.0%    0.2%
Health and social work  2       0       0       0       0       0       0       0       1       0       3       5.9%    0.0%    0.0%    0.0%    0.0%    0.0%    0.0%    0.0%    0.7%    0.0%    0.5%
Other services (repair, personal, arts) 2       8       18      0       8       3       0       3       18      11      71      5.9%    24.2%   12.9%   0.0%    7.5%    7.1%    0.0%    5.8%    12.5%   23.9%   11.3%
Other   3       1       3       2       2       0       6       3       35      4       59      8.8%    3.0%    2.2%    11.1%   1.9%    0.0%    42.9%   5.8%    24.3%   8.7%    9.4%
Total   34      33      139     18      106     42      14      52      144     46      628     100.0%  100.0%  100.0%  100.0%  100.0%  100.0%  100.0%  100.0%  100.0%  100.0%  100.0%

Analysis 2 - Aspired sector (P4) by urban/rural
P4. Sector of greatest interest Urban   Rural   Total   Urban   Rural   Total
        No.     No.     No.     %       %       %
Agriculture, livestock, fishing, forestry       14      96      110     12.1%   18.8%   17.5%
Manufacturing   3       3       6       2.6%    0.6%    1.0%
Construction    13      49      62      11.2%   9.6%    9.9%
Wholesale / retail trade        57      233     290     49.1%   45.5%   46.2%
Transport, storage, logistics   3       9       12      2.6%    1.8%    1.9%
Accommodation and food services 1       4       5       0.9%    0.8%    0.8%
Information, communication, digital     1       1       2       0.9%    0.2%    0.3%
Finance and insurance   1       0       1       0.9%    0.0%    0.2%
Public administration   2       4       6       1.7%    0.8%    1.0%
Education       1       0       1       0.9%    0.0%    0.2%
Health and social work  0       3       3       0.0%    0.6%    0.5%
Other services (repair, personal, arts) 13      58      71      11.2%   11.3%   11.3%
Other   7       52      59      6.0%    10.2%   9.4%
Total   116     512     628     100.0%  100.0%  100.0%

Analysis 2 - Top 3 aspired sectors in each region: % of the region's applicants (blank = not in top 3)
P4. Sector of greatest interest KABADOUGOU      FOLON   PORO    BAGOUE  TCHOLOGO        WORODOUGOU      BAFING  BERE    GONTOUGO        BOUNKANI        Total
        Mean share      Mean share      Mean share      Mean share      Mean share      Mean share      Mean share      Mean share      Mean share      Mean share      Mean share
Agriculture, livestock, fishing, forestry                               22.2                    35.7                            29.0
Manufacturing           12.1            5.6                                             2.2     6.6
Construction            12.1            22.2            4.8     14.3                    6.5     12.0
Wholesale / retail trade                                                        7.1                             7.1
Transport, storage, logistics   2.9                             0.9     4.8             1.9     1.4             2.4
Accommodation and food services                                 0.9                     3.8     1.4             2.1
Information, communication, digital                                                             1.9             2.2     2.0
Finance and insurance                                           2.4                                     2.4
Public administration   2.9             0.7                                     3.8     1.4             2.2
Education                       0.7                                                             0.7
Health and social work  5.9                                                             0.7             3.3
Other services (repair, personal, arts) 5.9                                                                             5.9
Other           3.0     2.2     11.1    1.9                                             4.5
Total   4.4     9.1     1.2     15.3    1.3     4.0     19.0    2.9     1.2     3.6     6.2

. 
.     tabout P4 B2 if rank <= 3 using "$out/Results.xls", ///
>         append sum c(mean rank) format(0) layout(cb) style(xls) ///
>         h1("Analysis 2 - Top 3 aspired sectors in each region: rank (1 = most common)")

Table output written to: C:\Users\WB461621\OneDrive - WBG\SPJ\Cote dIvoire\ImpactEval\Output/Results.xls

Provisional programme track     No.     %
Track A - Start-up      258     41.1%
Track B - Existing enterprise growth    280     44.6%
Track C - Apprenticeship to work        4       0.6%
Tracks A and C (both apply)     16      2.5%
Undetermined    70      11.1%
Total   628     100.0%

Meets Track A criteria (K1 = No, K2 = Yes)      No.     %
No      354     56.4%
Yes     274     43.6%
Total   628     100.0%

Meets Track B criteria (K1 = Yes, F1 = employer/own-account/coop)       No.     %
No      348     55.4%
Yes     280     44.6%
Total   628     100.0%

Meets Track C criteria (not employed, aspires to a skilled trade)       No.     %
No      608     96.8%
Yes     20      3.2%
Total   628     100.0%

Reason track is undetermined    No.     %
Employed, no own enterprise (wage/family worker, apprentice, or no wish to start)       53      75.7%
Not employed, had an activity before (closed)   14      20.0%
Not employed, no wish to start, aspiration not a skilled trade  3       4.3%
Total   70      100.0%

Analysis 1 - Provisional track by sex
Provisional programme track     Male    Female  Total   Male    Female  Total
        No.     No.     No.     %       %       %
Track A - Start-up      183     75      258     43.6%   36.1%   41.1%
Track B - Existing enterprise growth    166     114     280     39.5%   54.8%   44.6%
Track C - Apprenticeship to work        4       0       4       1.0%    0.0%    0.6%
Tracks A and C (both apply)     8       8       16      1.9%    3.8%    2.5%
Undetermined    59      11      70      14.0%   5.3%    11.1%
Total   420     208     628     100.0%  100.0%  100.0%

Analysis 1 - Provisional track by district
Provisional programme track     DENGUELE        SAVANES WOROBA  ZANZAN  Total   DENGUELE        SAVANES WOROBA  ZANZAN  Total
        No.     No.     No.     No.     No.     %       %       %       %       %
Track A - Start-up      30      123     34      71      258     44.8%   46.8%   31.5%   37.4%   41.1%
Track B - Existing enterprise growth    27      96      58      99      280     40.3%   36.5%   53.7%   52.1%   44.6%
Track C - Apprenticeship to work        1       2       0       1       4       1.5%    0.8%    0.0%    0.5%    0.6%
Tracks A and C (both apply)     2       5       1       8       16      3.0%    1.9%    0.9%    4.2%    2.5%
Undetermined    7       37      15      11      70      10.4%   14.1%   13.9%   5.8%    11.1%
Total   67      263     108     190     628     100.0%  100.0%  100.0%  100.0%  100.0%

Analysis 1 - Provisional track by interview status (Yes = Completed, No = rejected/assigned)
Provisional programme track     No      Yes     Total   No      Yes     Total
        No.     No.     No.     %       %       %
Track A - Start-up      76      182     258     35.5%   44.0%   41.1%
Track B - Existing enterprise growth    104     176     280     48.6%   42.5%   44.6%
Track C - Apprenticeship to work        2       2       4       0.9%    0.5%    0.6%
Tracks A and C (both apply)     8       8       16      3.7%    1.9%    2.5%
Undetermined    24      46      70      11.2%   11.1%   11.1%
Total   214     414     628     100.0%  100.0%  100.0%

Provisional programme track     No.     %
Track A - Start-up      243     40.9%
Track B - Existing enterprise growth    269     45.3%
Track C - Apprenticeship to work        4       0.7%
Tracks A and C (both apply)     14      2.4%
Undetermined    64      10.8%
Total   594     100.0%

B2. Region      No.     %
KABADOUGOU      34      5.4%
FOLON   33      5.3%
PORO    139     22.1%
BAGOUE  18      2.9%
TCHOLOGO        106     16.9%
WORODOUGOU      42      6.7%
BAFING  14      2.2%
BERE    52      8.3%
GONTOUGO        144     22.9%
BOUNKANI        46      7.3%
Total   628     100.0%

Analysis 2 - Completed interviews by region and urban/rural
B2. Region      Urban   Rural   Total   Urban   Rural   Total
        No.     No.     No.     %       %       %
KABADOUGOU      3       31      34      8.8%    91.2%   100.0%
FOLON   9       24      33      27.3%   72.7%   100.0%
PORO    33      106     139     23.7%   76.3%   100.0%
BAGOUE  3       15      18      16.7%   83.3%   100.0%
TCHOLOGO        6       100     106     5.7%    94.3%   100.0%
WORODOUGOU      20      22      42      47.6%   52.4%   100.0%
BAFING  2       12      14      14.3%   85.7%   100.0%
BERE    8       44      52      15.4%   84.6%   100.0%
GONTOUGO        24      120     144     16.7%   83.3%   100.0%
BOUNKANI        8       38      46      17.4%   82.6%   100.0%
Total   116     512     628     18.5%   81.5%   100.0%

Analysis 2 - Aspired sector (P4) by region: number and % of the region's applicants
P4. Sector of greatest interest KABADOUGOU      FOLON   PORO    BAGOUE  TCHOLOGO        WORODOUGOU      BAFING  BERE    GONTOUGO        BOUNKANI        Total   KABADOUGOU      FOLON   PORO    BAGOUE  TCHOLOGO        WORODOUGOU      BAFING  BERE    GONT
> OUGO        BOUNKANI        Total
        No.     No.     No.     No.     No.     No.     No.     No.     No.     No.     No.     %       %       %       %       %       %       %       %       %       %       %
Agriculture, livestock, fishing, forestry       6       7       27      4       16      6       5       19      15      5       110     17.6%   21.2%   19.4%   22.2%   15.1%   14.3%   35.7%   36.5%   10.4%   10.9%   17.5%
Manufacturing   0       4       0       1       0       0       0       0       0       1       6       0.0%    12.1%   0.0%    5.6%    0.0%    0.0%    0.0%    0.0%    0.0%    2.2%    1.0%
Construction    6       4       17      4       6       2       2       3       15      3       62      17.6%   12.1%   12.2%   22.2%   5.7%    4.8%    14.3%   5.8%    10.4%   6.5%    9.9%
Wholesale / retail trade        13      9       67      7       72      28      1       18      54      21      290     38.2%   27.3%   48.2%   38.9%   67.9%   66.7%   7.1%    34.6%   37.5%   45.7%   46.2%
Transport, storage, logistics   1       0       5       0       1       2       0       1       2       0       12      2.9%    0.0%    3.6%    0.0%    0.9%    4.8%    0.0%    1.9%    1.4%    0.0%    1.9%
Accommodation and food services 0       0       0       0       1       0       0       2       2       0       5       0.0%    0.0%    0.0%    0.0%    0.9%    0.0%    0.0%    3.8%    1.4%    0.0%    0.8%
Information, communication, digital     0       0       0       0       0       0       0       1       0       1       2       0.0%    0.0%    0.0%    0.0%    0.0%    0.0%    0.0%    1.9%    0.0%    2.2%    0.3%
Finance and insurance   0       0       0       0       0       1       0       0       0       0       1       0.0%    0.0%    0.0%    0.0%    0.0%    2.4%    0.0%    0.0%    0.0%    0.0%    0.2%
Public administration   1       0       1       0       0       0       0       2       2       0       6       2.9%    0.0%    0.7%    0.0%    0.0%    0.0%    0.0%    3.8%    1.4%    0.0%    1.0%
Education       0       0       1       0       0       0       0       0       0       0       1       0.0%    0.0%    0.7%    0.0%    0.0%    0.0%    0.0%    0.0%    0.0%    0.0%    0.2%
Health and social work  2       0       0       0       0       0       0       0       1       0       3       5.9%    0.0%    0.0%    0.0%    0.0%    0.0%    0.0%    0.0%    0.7%    0.0%    0.5%
Other services (repair, personal, arts) 2       8       18      0       8       3       0       3       18      11      71      5.9%    24.2%   12.9%   0.0%    7.5%    7.1%    0.0%    5.8%    12.5%   23.9%   11.3%
Other   3       1       3       2       2       0       6       3       35      4       59      8.8%    3.0%    2.2%    11.1%   1.9%    0.0%    42.9%   5.8%    24.3%   8.7%    9.4%
Total   34      33      139     18      106     42      14      52      144     46      628     100.0%  100.0%  100.0%  100.0%  100.0%  100.0%  100.0%  100.0%  100.0%  100.0%  100.0%

Analysis 2 - Aspired sector (P4) by urban/rural
P4. Sector of greatest interest Urban   Rural   Total   Urban   Rural   Total
        No.     No.     No.     %       %       %
Agriculture, livestock, fishing, forestry       14      96      110     12.1%   18.8%   17.5%
Manufacturing   3       3       6       2.6%    0.6%    1.0%
Construction    13      49      62      11.2%   9.6%    9.9%
Wholesale / retail trade        57      233     290     49.1%   45.5%   46.2%
Transport, storage, logistics   3       9       12      2.6%    1.8%    1.9%
Accommodation and food services 1       4       5       0.9%    0.8%    0.8%
Information, communication, digital     1       1       2       0.9%    0.2%    0.3%
Finance and insurance   1       0       1       0.9%    0.0%    0.2%
Public administration   2       4       6       1.7%    0.8%    1.0%
Education       1       0       1       0.9%    0.0%    0.2%
Health and social work  0       3       3       0.0%    0.6%    0.5%
Other services (repair, personal, arts) 13      58      71      11.2%   11.3%   11.3%
Other   7       52      59      6.0%    10.2%   9.4%
Total   116     512     628     100.0%  100.0%  100.0%

Analysis 2 - Top 3 aspired sectors in each region: % of the region's applicants (blank = not in top 3)
P4. Sector of greatest interest KABADOUGOU      FOLON   PORO    BAGOUE  TCHOLOGO        WORODOUGOU      BAFING  BERE    GONTOUGO        BOUNKANI        Total
        Mean share      Mean share      Mean share      Mean share      Mean share      Mean share      Mean share      Mean share      Mean share      Mean share      Mean share
Agriculture, livestock, fishing, forestry                               22.2                    35.7                            29.0
Manufacturing           12.1            5.6                                             2.2     6.6
Construction            12.1            22.2            4.8     14.3                    6.5     12.0
Wholesale / retail trade                                                        7.1                             7.1
Transport, storage, logistics   2.9                             0.9     4.8             1.9     1.4             2.4
Accommodation and food services                                 0.9                     3.8     1.4             2.1
Information, communication, digital                                                             1.9             2.2     2.0
Finance and insurance                                           2.4                                     2.4
Public administration   2.9             0.7                                     3.8     1.4             2.2
Education                       0.7                                                             0.7
Health and social work  5.9                                                             0.7             3.3
Other services (repair, personal, arts) 5.9                                                                             5.9
Other           3.0     2.2     11.1    1.9                                             4.5
Total   4.4     9.1     1.2     15.3    1.3     4.0     19.0    2.9     1.2     3.6     6.2

Analysis 2 - Top 3 aspired sectors in each region: rank (1 = most common)
P4. Sector of greatest interest KABADOUGOU      FOLON   PORO    BAGOUE  TCHOLOGO        WORODOUGOU      BAFING  BERE    GONTOUGO        BOUNKANI        Total
        Mean rank       Mean rank       Mean rank       Mean rank       Mean rank       Mean rank       Mean rank       Mean rank       Mean rank       Mean rank       Mean rank
Agriculture, livestock, fishing, forestry                               3                       3                               3
Manufacturing           2               1                                               1       1
Construction            2               3               2       2                       3       2
Wholesale / retail trade                                                        1                               1
Transport, storage, logistics   1                               1       2               1       2               1
Accommodation and food services                                 1                       3       2               2
Information, communication, digital                                                             1               1       1
Finance and insurance                                           1                                       1
Public administration   1               1                                       3       2               2
Education                       1                                                               1
Health and social work  3                                                               1               2
Other services (repair, personal, arts) 3                                                                               3
Other           1       3       2       3                                               2
Total   2       2       2       2       2       2       2       2       2       2       2

. 
.     count if saturation == 1
  11

.     if r(N) > 0 {
.         tabout P4 B2 if saturation == 1 using "$out/Results.xls", ///
>             append sum c(mean share) format(1) layout(cb) style(xls) ///
>             h1("Analysis 2 - SATURATION RISK: aspired sector chosen by more than 30% of the region's applicants (%)")

Table output written to: C:\Users\WB461621\OneDrive - WBG\SPJ\Cote dIvoire\ImpactEval\Output/Results.xls

Provisional programme track     No.     %
Track A - Start-up      258     41.1%
Track B - Existing enterprise growth    280     44.6%
Track C - Apprenticeship to work        4       0.6%
Tracks A and C (both apply)     16      2.5%
Undetermined    70      11.1%
Total   628     100.0%

Meets Track A criteria (K1 = No, K2 = Yes)      No.     %
No      354     56.4%
Yes     274     43.6%
Total   628     100.0%

Meets Track B criteria (K1 = Yes, F1 = employer/own-account/coop)       No.     %
No      348     55.4%
Yes     280     44.6%
Total   628     100.0%

Meets Track C criteria (not employed, aspires to a skilled trade)       No.     %
No      608     96.8%
Yes     20      3.2%
Total   628     100.0%

Reason track is undetermined    No.     %
Employed, no own enterprise (wage/family worker, apprentice, or no wish to start)       53      75.7%
Not employed, had an activity before (closed)   14      20.0%
Not employed, no wish to start, aspiration not a skilled trade  3       4.3%
Total   70      100.0%

Analysis 1 - Provisional track by sex
Provisional programme track     Male    Female  Total   Male    Female  Total
        No.     No.     No.     %       %       %
Track A - Start-up      183     75      258     43.6%   36.1%   41.1%
Track B - Existing enterprise growth    166     114     280     39.5%   54.8%   44.6%
Track C - Apprenticeship to work        4       0       4       1.0%    0.0%    0.6%
Tracks A and C (both apply)     8       8       16      1.9%    3.8%    2.5%
Undetermined    59      11      70      14.0%   5.3%    11.1%
Total   420     208     628     100.0%  100.0%  100.0%

Analysis 1 - Provisional track by district
Provisional programme track     DENGUELE        SAVANES WOROBA  ZANZAN  Total   DENGUELE        SAVANES WOROBA  ZANZAN  Total
        No.     No.     No.     No.     No.     %       %       %       %       %
Track A - Start-up      30      123     34      71      258     44.8%   46.8%   31.5%   37.4%   41.1%
Track B - Existing enterprise growth    27      96      58      99      280     40.3%   36.5%   53.7%   52.1%   44.6%
Track C - Apprenticeship to work        1       2       0       1       4       1.5%    0.8%    0.0%    0.5%    0.6%
Tracks A and C (both apply)     2       5       1       8       16      3.0%    1.9%    0.9%    4.2%    2.5%
Undetermined    7       37      15      11      70      10.4%   14.1%   13.9%   5.8%    11.1%
Total   67      263     108     190     628     100.0%  100.0%  100.0%  100.0%  100.0%

Analysis 1 - Provisional track by interview status (Yes = Completed, No = rejected/assigned)
Provisional programme track     No      Yes     Total   No      Yes     Total
        No.     No.     No.     %       %       %
Track A - Start-up      76      182     258     35.5%   44.0%   41.1%
Track B - Existing enterprise growth    104     176     280     48.6%   42.5%   44.6%
Track C - Apprenticeship to work        2       2       4       0.9%    0.5%    0.6%
Tracks A and C (both apply)     8       8       16      3.7%    1.9%    2.5%
Undetermined    24      46      70      11.2%   11.1%   11.1%
Total   214     414     628     100.0%  100.0%  100.0%

Provisional programme track     No.     %
Track A - Start-up      243     40.9%
Track B - Existing enterprise growth    269     45.3%
Track C - Apprenticeship to work        4       0.7%
Tracks A and C (both apply)     14      2.4%
Undetermined    64      10.8%
Total   594     100.0%

B2. Region      No.     %
KABADOUGOU      34      5.4%
FOLON   33      5.3%
PORO    139     22.1%
BAGOUE  18      2.9%
TCHOLOGO        106     16.9%
WORODOUGOU      42      6.7%
BAFING  14      2.2%
BERE    52      8.3%
GONTOUGO        144     22.9%
BOUNKANI        46      7.3%
Total   628     100.0%

Analysis 2 - Completed interviews by region and urban/rural
B2. Region      Urban   Rural   Total   Urban   Rural   Total
        No.     No.     No.     %       %       %
KABADOUGOU      3       31      34      8.8%    91.2%   100.0%
FOLON   9       24      33      27.3%   72.7%   100.0%
PORO    33      106     139     23.7%   76.3%   100.0%
BAGOUE  3       15      18      16.7%   83.3%   100.0%
TCHOLOGO        6       100     106     5.7%    94.3%   100.0%
WORODOUGOU      20      22      42      47.6%   52.4%   100.0%
BAFING  2       12      14      14.3%   85.7%   100.0%
BERE    8       44      52      15.4%   84.6%   100.0%
GONTOUGO        24      120     144     16.7%   83.3%   100.0%
BOUNKANI        8       38      46      17.4%   82.6%   100.0%
Total   116     512     628     18.5%   81.5%   100.0%

Analysis 2 - Aspired sector (P4) by region: number and % of the region's applicants
P4. Sector of greatest interest KABADOUGOU      FOLON   PORO    BAGOUE  TCHOLOGO        WORODOUGOU      BAFING  BERE    GONTOUGO        BOUNKANI        Total   KABADOUGOU      FOLON   PORO    BAGOUE  TCHOLOGO        WORODOUGOU      BAFING  BERE    GONT
> OUGO        BOUNKANI        Total
        No.     No.     No.     No.     No.     No.     No.     No.     No.     No.     No.     %       %       %       %       %       %       %       %       %       %       %
Agriculture, livestock, fishing, forestry       6       7       27      4       16      6       5       19      15      5       110     17.6%   21.2%   19.4%   22.2%   15.1%   14.3%   35.7%   36.5%   10.4%   10.9%   17.5%
Manufacturing   0       4       0       1       0       0       0       0       0       1       6       0.0%    12.1%   0.0%    5.6%    0.0%    0.0%    0.0%    0.0%    0.0%    2.2%    1.0%
Construction    6       4       17      4       6       2       2       3       15      3       62      17.6%   12.1%   12.2%   22.2%   5.7%    4.8%    14.3%   5.8%    10.4%   6.5%    9.9%
Wholesale / retail trade        13      9       67      7       72      28      1       18      54      21      290     38.2%   27.3%   48.2%   38.9%   67.9%   66.7%   7.1%    34.6%   37.5%   45.7%   46.2%
Transport, storage, logistics   1       0       5       0       1       2       0       1       2       0       12      2.9%    0.0%    3.6%    0.0%    0.9%    4.8%    0.0%    1.9%    1.4%    0.0%    1.9%
Accommodation and food services 0       0       0       0       1       0       0       2       2       0       5       0.0%    0.0%    0.0%    0.0%    0.9%    0.0%    0.0%    3.8%    1.4%    0.0%    0.8%
Information, communication, digital     0       0       0       0       0       0       0       1       0       1       2       0.0%    0.0%    0.0%    0.0%    0.0%    0.0%    0.0%    1.9%    0.0%    2.2%    0.3%
Finance and insurance   0       0       0       0       0       1       0       0       0       0       1       0.0%    0.0%    0.0%    0.0%    0.0%    2.4%    0.0%    0.0%    0.0%    0.0%    0.2%
Public administration   1       0       1       0       0       0       0       2       2       0       6       2.9%    0.0%    0.7%    0.0%    0.0%    0.0%    0.0%    3.8%    1.4%    0.0%    1.0%
Education       0       0       1       0       0       0       0       0       0       0       1       0.0%    0.0%    0.7%    0.0%    0.0%    0.0%    0.0%    0.0%    0.0%    0.0%    0.2%
Health and social work  2       0       0       0       0       0       0       0       1       0       3       5.9%    0.0%    0.0%    0.0%    0.0%    0.0%    0.0%    0.0%    0.7%    0.0%    0.5%
Other services (repair, personal, arts) 2       8       18      0       8       3       0       3       18      11      71      5.9%    24.2%   12.9%   0.0%    7.5%    7.1%    0.0%    5.8%    12.5%   23.9%   11.3%
Other   3       1       3       2       2       0       6       3       35      4       59      8.8%    3.0%    2.2%    11.1%   1.9%    0.0%    42.9%   5.8%    24.3%   8.7%    9.4%
Total   34      33      139     18      106     42      14      52      144     46      628     100.0%  100.0%  100.0%  100.0%  100.0%  100.0%  100.0%  100.0%  100.0%  100.0%  100.0%

Analysis 2 - Aspired sector (P4) by urban/rural
P4. Sector of greatest interest Urban   Rural   Total   Urban   Rural   Total
        No.     No.     No.     %       %       %
Agriculture, livestock, fishing, forestry       14      96      110     12.1%   18.8%   17.5%
Manufacturing   3       3       6       2.6%    0.6%    1.0%
Construction    13      49      62      11.2%   9.6%    9.9%
Wholesale / retail trade        57      233     290     49.1%   45.5%   46.2%
Transport, storage, logistics   3       9       12      2.6%    1.8%    1.9%
Accommodation and food services 1       4       5       0.9%    0.8%    0.8%
Information, communication, digital     1       1       2       0.9%    0.2%    0.3%
Finance and insurance   1       0       1       0.9%    0.0%    0.2%
Public administration   2       4       6       1.7%    0.8%    1.0%
Education       1       0       1       0.9%    0.0%    0.2%
Health and social work  0       3       3       0.0%    0.6%    0.5%
Other services (repair, personal, arts) 13      58      71      11.2%   11.3%   11.3%
Other   7       52      59      6.0%    10.2%   9.4%
Total   116     512     628     100.0%  100.0%  100.0%

Analysis 2 - Top 3 aspired sectors in each region: % of the region's applicants (blank = not in top 3)
P4. Sector of greatest interest KABADOUGOU      FOLON   PORO    BAGOUE  TCHOLOGO        WORODOUGOU      BAFING  BERE    GONTOUGO        BOUNKANI        Total
        Mean share      Mean share      Mean share      Mean share      Mean share      Mean share      Mean share      Mean share      Mean share      Mean share      Mean share
Agriculture, livestock, fishing, forestry                               22.2                    35.7                            29.0
Manufacturing           12.1            5.6                                             2.2     6.6
Construction            12.1            22.2            4.8     14.3                    6.5     12.0
Wholesale / retail trade                                                        7.1                             7.1
Transport, storage, logistics   2.9                             0.9     4.8             1.9     1.4             2.4
Accommodation and food services                                 0.9                     3.8     1.4             2.1
Information, communication, digital                                                             1.9             2.2     2.0
Finance and insurance                                           2.4                                     2.4
Public administration   2.9             0.7                                     3.8     1.4             2.2
Education                       0.7                                                             0.7
Health and social work  5.9                                                             0.7             3.3
Other services (repair, personal, arts) 5.9                                                                             5.9
Other           3.0     2.2     11.1    1.9                                             4.5
Total   4.4     9.1     1.2     15.3    1.3     4.0     19.0    2.9     1.2     3.6     6.2

Analysis 2 - Top 3 aspired sectors in each region: rank (1 = most common)
P4. Sector of greatest interest KABADOUGOU      FOLON   PORO    BAGOUE  TCHOLOGO        WORODOUGOU      BAFING  BERE    GONTOUGO        BOUNKANI        Total
        Mean rank       Mean rank       Mean rank       Mean rank       Mean rank       Mean rank       Mean rank       Mean rank       Mean rank       Mean rank       Mean rank
Agriculture, livestock, fishing, forestry                               3                       3                               3
Manufacturing           2               1                                               1       1
Construction            2               3               2       2                       3       2
Wholesale / retail trade                                                        1                               1
Transport, storage, logistics   1                               1       2               1       2               1
Accommodation and food services                                 1                       3       2               2
Information, communication, digital                                                             1               1       1
Finance and insurance                                           1                                       1
Public administration   1               1                                       3       2               2
Education                       1                                                               1
Health and social work  3                                                               1               2
Other services (repair, personal, arts) 3                                                                               3
Other           1       3       2       3                                               2
Total   2       2       2       2       2       2       2       2       2       2       2

Analysis 2 - SATURATION RISK: aspired sector chosen by more than 30% of the region's applicants (%)
P4. Sector of greatest interest KABADOUGOU      PORO    BAGOUE  TCHOLOGO        WORODOUGOU      BAFING  BERE    GONTOUGO        BOUNKANI        Total
        Mean share      Mean share      Mean share      Mean share      Mean share      Mean share      Mean share      Mean share      Mean share      Mean share
Agriculture, livestock, fishing, forestry                                               35.7    36.5                    36.1
Wholesale / retail trade        38.2    48.2    38.9    67.9    66.7            34.6    37.5    45.7    47.2
Other                                           42.9                            42.9
Total   38.2    48.2    38.9    67.9    66.7    39.3    35.6    37.5    45.7    44.8
.     }

. restore

. 
. *------------------------------------------------------------------------------*
. * 3.4 Current sector (F2, employed) by region and by urban/rural
. *------------------------------------------------------------------------------*
. tabout F2 B2 if employed == 1 using "$out/Results.xls", ///
>     append c(freq col) format(0c 1p) layout(cb) style(xls) ///
>     h1("Analysis 2 - Current sector (F2) by region, employed applicants: number and % of the region's employed")

Table output written to: C:\Users\WB461621\OneDrive - WBG\SPJ\Cote dIvoire\ImpactEval\Output/Results.xls

Provisional programme track     No.     %
Track A - Start-up      258     41.1%
Track B - Existing enterprise growth    280     44.6%
Track C - Apprenticeship to work        4       0.6%
Tracks A and C (both apply)     16      2.5%
Undetermined    70      11.1%
Total   628     100.0%

Meets Track A criteria (K1 = No, K2 = Yes)      No.     %
No      354     56.4%
Yes     274     43.6%
Total   628     100.0%

Meets Track B criteria (K1 = Yes, F1 = employer/own-account/coop)       No.     %
No      348     55.4%
Yes     280     44.6%
Total   628     100.0%

Meets Track C criteria (not employed, aspires to a skilled trade)       No.     %
No      608     96.8%
Yes     20      3.2%
Total   628     100.0%

Reason track is undetermined    No.     %
Employed, no own enterprise (wage/family worker, apprentice, or no wish to start)       53      75.7%
Not employed, had an activity before (closed)   14      20.0%
Not employed, no wish to start, aspiration not a skilled trade  3       4.3%
Total   70      100.0%

Analysis 1 - Provisional track by sex
Provisional programme track     Male    Female  Total   Male    Female  Total
        No.     No.     No.     %       %       %
Track A - Start-up      183     75      258     43.6%   36.1%   41.1%
Track B - Existing enterprise growth    166     114     280     39.5%   54.8%   44.6%
Track C - Apprenticeship to work        4       0       4       1.0%    0.0%    0.6%
Tracks A and C (both apply)     8       8       16      1.9%    3.8%    2.5%
Undetermined    59      11      70      14.0%   5.3%    11.1%
Total   420     208     628     100.0%  100.0%  100.0%

Analysis 1 - Provisional track by district
Provisional programme track     DENGUELE        SAVANES WOROBA  ZANZAN  Total   DENGUELE        SAVANES WOROBA  ZANZAN  Total
        No.     No.     No.     No.     No.     %       %       %       %       %
Track A - Start-up      30      123     34      71      258     44.8%   46.8%   31.5%   37.4%   41.1%
Track B - Existing enterprise growth    27      96      58      99      280     40.3%   36.5%   53.7%   52.1%   44.6%
Track C - Apprenticeship to work        1       2       0       1       4       1.5%    0.8%    0.0%    0.5%    0.6%
Tracks A and C (both apply)     2       5       1       8       16      3.0%    1.9%    0.9%    4.2%    2.5%
Undetermined    7       37      15      11      70      10.4%   14.1%   13.9%   5.8%    11.1%
Total   67      263     108     190     628     100.0%  100.0%  100.0%  100.0%  100.0%

Analysis 1 - Provisional track by interview status (Yes = Completed, No = rejected/assigned)
Provisional programme track     No      Yes     Total   No      Yes     Total
        No.     No.     No.     %       %       %
Track A - Start-up      76      182     258     35.5%   44.0%   41.1%
Track B - Existing enterprise growth    104     176     280     48.6%   42.5%   44.6%
Track C - Apprenticeship to work        2       2       4       0.9%    0.5%    0.6%
Tracks A and C (both apply)     8       8       16      3.7%    1.9%    2.5%
Undetermined    24      46      70      11.2%   11.1%   11.1%
Total   214     414     628     100.0%  100.0%  100.0%

Provisional programme track     No.     %
Track A - Start-up      243     40.9%
Track B - Existing enterprise growth    269     45.3%
Track C - Apprenticeship to work        4       0.7%
Tracks A and C (both apply)     14      2.4%
Undetermined    64      10.8%
Total   594     100.0%

B2. Region      No.     %
KABADOUGOU      34      5.4%
FOLON   33      5.3%
PORO    139     22.1%
BAGOUE  18      2.9%
TCHOLOGO        106     16.9%
WORODOUGOU      42      6.7%
BAFING  14      2.2%
BERE    52      8.3%
GONTOUGO        144     22.9%
BOUNKANI        46      7.3%
Total   628     100.0%

Analysis 2 - Completed interviews by region and urban/rural
B2. Region      Urban   Rural   Total   Urban   Rural   Total
        No.     No.     No.     %       %       %
KABADOUGOU      3       31      34      8.8%    91.2%   100.0%
FOLON   9       24      33      27.3%   72.7%   100.0%
PORO    33      106     139     23.7%   76.3%   100.0%
BAGOUE  3       15      18      16.7%   83.3%   100.0%
TCHOLOGO        6       100     106     5.7%    94.3%   100.0%
WORODOUGOU      20      22      42      47.6%   52.4%   100.0%
BAFING  2       12      14      14.3%   85.7%   100.0%
BERE    8       44      52      15.4%   84.6%   100.0%
GONTOUGO        24      120     144     16.7%   83.3%   100.0%
BOUNKANI        8       38      46      17.4%   82.6%   100.0%
Total   116     512     628     18.5%   81.5%   100.0%

Analysis 2 - Aspired sector (P4) by region: number and % of the region's applicants
P4. Sector of greatest interest KABADOUGOU      FOLON   PORO    BAGOUE  TCHOLOGO        WORODOUGOU      BAFING  BERE    GONTOUGO        BOUNKANI        Total   KABADOUGOU      FOLON   PORO    BAGOUE  TCHOLOGO        WORODOUGOU      BAFING  BERE    GONT
> OUGO        BOUNKANI        Total
        No.     No.     No.     No.     No.     No.     No.     No.     No.     No.     No.     %       %       %       %       %       %       %       %       %       %       %
Agriculture, livestock, fishing, forestry       6       7       27      4       16      6       5       19      15      5       110     17.6%   21.2%   19.4%   22.2%   15.1%   14.3%   35.7%   36.5%   10.4%   10.9%   17.5%
Manufacturing   0       4       0       1       0       0       0       0       0       1       6       0.0%    12.1%   0.0%    5.6%    0.0%    0.0%    0.0%    0.0%    0.0%    2.2%    1.0%
Construction    6       4       17      4       6       2       2       3       15      3       62      17.6%   12.1%   12.2%   22.2%   5.7%    4.8%    14.3%   5.8%    10.4%   6.5%    9.9%
Wholesale / retail trade        13      9       67      7       72      28      1       18      54      21      290     38.2%   27.3%   48.2%   38.9%   67.9%   66.7%   7.1%    34.6%   37.5%   45.7%   46.2%
Transport, storage, logistics   1       0       5       0       1       2       0       1       2       0       12      2.9%    0.0%    3.6%    0.0%    0.9%    4.8%    0.0%    1.9%    1.4%    0.0%    1.9%
Accommodation and food services 0       0       0       0       1       0       0       2       2       0       5       0.0%    0.0%    0.0%    0.0%    0.9%    0.0%    0.0%    3.8%    1.4%    0.0%    0.8%
Information, communication, digital     0       0       0       0       0       0       0       1       0       1       2       0.0%    0.0%    0.0%    0.0%    0.0%    0.0%    0.0%    1.9%    0.0%    2.2%    0.3%
Finance and insurance   0       0       0       0       0       1       0       0       0       0       1       0.0%    0.0%    0.0%    0.0%    0.0%    2.4%    0.0%    0.0%    0.0%    0.0%    0.2%
Public administration   1       0       1       0       0       0       0       2       2       0       6       2.9%    0.0%    0.7%    0.0%    0.0%    0.0%    0.0%    3.8%    1.4%    0.0%    1.0%
Education       0       0       1       0       0       0       0       0       0       0       1       0.0%    0.0%    0.7%    0.0%    0.0%    0.0%    0.0%    0.0%    0.0%    0.0%    0.2%
Health and social work  2       0       0       0       0       0       0       0       1       0       3       5.9%    0.0%    0.0%    0.0%    0.0%    0.0%    0.0%    0.0%    0.7%    0.0%    0.5%
Other services (repair, personal, arts) 2       8       18      0       8       3       0       3       18      11      71      5.9%    24.2%   12.9%   0.0%    7.5%    7.1%    0.0%    5.8%    12.5%   23.9%   11.3%
Other   3       1       3       2       2       0       6       3       35      4       59      8.8%    3.0%    2.2%    11.1%   1.9%    0.0%    42.9%   5.8%    24.3%   8.7%    9.4%
Total   34      33      139     18      106     42      14      52      144     46      628     100.0%  100.0%  100.0%  100.0%  100.0%  100.0%  100.0%  100.0%  100.0%  100.0%  100.0%

Analysis 2 - Aspired sector (P4) by urban/rural
P4. Sector of greatest interest Urban   Rural   Total   Urban   Rural   Total
        No.     No.     No.     %       %       %
Agriculture, livestock, fishing, forestry       14      96      110     12.1%   18.8%   17.5%
Manufacturing   3       3       6       2.6%    0.6%    1.0%
Construction    13      49      62      11.2%   9.6%    9.9%
Wholesale / retail trade        57      233     290     49.1%   45.5%   46.2%
Transport, storage, logistics   3       9       12      2.6%    1.8%    1.9%
Accommodation and food services 1       4       5       0.9%    0.8%    0.8%
Information, communication, digital     1       1       2       0.9%    0.2%    0.3%
Finance and insurance   1       0       1       0.9%    0.0%    0.2%
Public administration   2       4       6       1.7%    0.8%    1.0%
Education       1       0       1       0.9%    0.0%    0.2%
Health and social work  0       3       3       0.0%    0.6%    0.5%
Other services (repair, personal, arts) 13      58      71      11.2%   11.3%   11.3%
Other   7       52      59      6.0%    10.2%   9.4%
Total   116     512     628     100.0%  100.0%  100.0%

Analysis 2 - Top 3 aspired sectors in each region: % of the region's applicants (blank = not in top 3)
P4. Sector of greatest interest KABADOUGOU      FOLON   PORO    BAGOUE  TCHOLOGO        WORODOUGOU      BAFING  BERE    GONTOUGO        BOUNKANI        Total
        Mean share      Mean share      Mean share      Mean share      Mean share      Mean share      Mean share      Mean share      Mean share      Mean share      Mean share
Agriculture, livestock, fishing, forestry                               22.2                    35.7                            29.0
Manufacturing           12.1            5.6                                             2.2     6.6
Construction            12.1            22.2            4.8     14.3                    6.5     12.0
Wholesale / retail trade                                                        7.1                             7.1
Transport, storage, logistics   2.9                             0.9     4.8             1.9     1.4             2.4
Accommodation and food services                                 0.9                     3.8     1.4             2.1
Information, communication, digital                                                             1.9             2.2     2.0
Finance and insurance                                           2.4                                     2.4
Public administration   2.9             0.7                                     3.8     1.4             2.2
Education                       0.7                                                             0.7
Health and social work  5.9                                                             0.7             3.3
Other services (repair, personal, arts) 5.9                                                                             5.9
Other           3.0     2.2     11.1    1.9                                             4.5
Total   4.4     9.1     1.2     15.3    1.3     4.0     19.0    2.9     1.2     3.6     6.2

Analysis 2 - Top 3 aspired sectors in each region: rank (1 = most common)
P4. Sector of greatest interest KABADOUGOU      FOLON   PORO    BAGOUE  TCHOLOGO        WORODOUGOU      BAFING  BERE    GONTOUGO        BOUNKANI        Total
        Mean rank       Mean rank       Mean rank       Mean rank       Mean rank       Mean rank       Mean rank       Mean rank       Mean rank       Mean rank       Mean rank
Agriculture, livestock, fishing, forestry                               3                       3                               3
Manufacturing           2               1                                               1       1
Construction            2               3               2       2                       3       2
Wholesale / retail trade                                                        1                               1
Transport, storage, logistics   1                               1       2               1       2               1
Accommodation and food services                                 1                       3       2               2
Information, communication, digital                                                             1               1       1
Finance and insurance                                           1                                       1
Public administration   1               1                                       3       2               2
Education                       1                                                               1
Health and social work  3                                                               1               2
Other services (repair, personal, arts) 3                                                                               3
Other           1       3       2       3                                               2
Total   2       2       2       2       2       2       2       2       2       2       2

Analysis 2 - SATURATION RISK: aspired sector chosen by more than 30% of the region's applicants (%)
P4. Sector of greatest interest KABADOUGOU      PORO    BAGOUE  TCHOLOGO        WORODOUGOU      BAFING  BERE    GONTOUGO        BOUNKANI        Total
        Mean share      Mean share      Mean share      Mean share      Mean share      Mean share      Mean share      Mean share      Mean share      Mean share
Agriculture, livestock, fishing, forestry                                               35.7    36.5                    36.1
Wholesale / retail trade        38.2    48.2    38.9    67.9    66.7            34.6    37.5    45.7    47.2
Other                                           42.9                            42.9
Total   38.2    48.2    38.9    67.9    66.7    39.3    35.6    37.5    45.7    44.8

Analysis 2 - Current sector (F2) by region, employed applicants: number and % of the region's employed
F2. Sector of main activity     KABADOUGOU      FOLON   PORO    BAGOUE  TCHOLOGO        WORODOUGOU      BAFING  BERE    GONTOUGO        BOUNKANI        Total   KABADOUGOU      FOLON   PORO    BAGOUE  TCHOLOGO        WORODOUGOU      BAFING  BERE    GONT
> OUGO        BOUNKANI        Total
        No.     No.     No.     No.     No.     No.     No.     No.     No.     No.     No.     %       %       %       %       %       %       %       %       %       %       %
Agriculture, livestock, fishing, forestry       16      15      76      8       60      35      8       21      41      17      297     47.1%   51.7%   61.8%   61.5%   67.4%   83.3%   57.1%   44.7%   32.3%   38.6%   52.8%
Manufacturing   0       5       0       0       0       0       0       2       1       0       8       0.0%    17.2%   0.0%    0.0%    0.0%    0.0%    0.0%    4.3%    0.8%    0.0%    1.4%
Construction    7       0       10      1       2       0       1       2       13      3       39      20.6%   0.0%    8.1%    7.7%    2.2%    0.0%    7.1%    4.3%    10.2%   6.8%    6.9%
Wholesale / retail trade        2       2       16      1       18      2       1       15      36      9       102     5.9%    6.9%    13.0%   7.7%    20.2%   4.8%    7.1%    31.9%   28.3%   20.5%   18.1%
Transport, storage, logistics   0       1       5       0       1       0       0       2       1       1       11      0.0%    3.4%    4.1%    0.0%    1.1%    0.0%    0.0%    4.3%    0.8%    2.3%    2.0%
Accommodation and food services 0       0       0       0       0       0       0       2       0       0       2       0.0%    0.0%    0.0%    0.0%    0.0%    0.0%    0.0%    4.3%    0.0%    0.0%    0.4%
Information, communication, digital     0       0       0       0       0       1       0       0       0       0       1       0.0%    0.0%    0.0%    0.0%    0.0%    2.4%    0.0%    0.0%    0.0%    0.0%    0.2%
Finance and insurance   0       0       0       0       0       1       0       0       1       0       2       0.0%    0.0%    0.0%    0.0%    0.0%    2.4%    0.0%    0.0%    0.8%    0.0%    0.4%
Public administration   0       0       0       0       0       0       0       1       0       1       2       0.0%    0.0%    0.0%    0.0%    0.0%    0.0%    0.0%    2.1%    0.0%    2.3%    0.4%
Health and social work  1       0       0       0       0       0       0       0       0       0       1       2.9%    0.0%    0.0%    0.0%    0.0%    0.0%    0.0%    0.0%    0.0%    0.0%    0.2%
Other services (repair, personal, arts) 2       6       11      2       4       1       0       0       12      7       45      5.9%    20.7%   8.9%    15.4%   4.5%    2.4%    0.0%    0.0%    9.4%    15.9%   8.0%
Other   6       0       5       1       4       2       4       2       22      6       52      17.6%   0.0%    4.1%    7.7%    4.5%    4.8%    28.6%   4.3%    17.3%   13.6%   9.3%
Total   34      29      123     13      89      42      14      47      127     44      562     100.0%  100.0%  100.0%  100.0%  100.0%  100.0%  100.0%  100.0%  100.0%  100.0%  100.0%

. 
. tabout F2 B5 if employed == 1 using "$out/Results.xls", ///
>     append c(freq col) format(0c 1p) layout(cb) style(xls) ///
>     h1("Analysis 2 - Current sector (F2) by urban/rural, employed applicants")

Table output written to: C:\Users\WB461621\OneDrive - WBG\SPJ\Cote dIvoire\ImpactEval\Output/Results.xls

Provisional programme track     No.     %
Track A - Start-up      258     41.1%
Track B - Existing enterprise growth    280     44.6%
Track C - Apprenticeship to work        4       0.6%
Tracks A and C (both apply)     16      2.5%
Undetermined    70      11.1%
Total   628     100.0%

Meets Track A criteria (K1 = No, K2 = Yes)      No.     %
No      354     56.4%
Yes     274     43.6%
Total   628     100.0%

Meets Track B criteria (K1 = Yes, F1 = employer/own-account/coop)       No.     %
No      348     55.4%
Yes     280     44.6%
Total   628     100.0%

Meets Track C criteria (not employed, aspires to a skilled trade)       No.     %
No      608     96.8%
Yes     20      3.2%
Total   628     100.0%

Reason track is undetermined    No.     %
Employed, no own enterprise (wage/family worker, apprentice, or no wish to start)       53      75.7%
Not employed, had an activity before (closed)   14      20.0%
Not employed, no wish to start, aspiration not a skilled trade  3       4.3%
Total   70      100.0%

Analysis 1 - Provisional track by sex
Provisional programme track     Male    Female  Total   Male    Female  Total
        No.     No.     No.     %       %       %
Track A - Start-up      183     75      258     43.6%   36.1%   41.1%
Track B - Existing enterprise growth    166     114     280     39.5%   54.8%   44.6%
Track C - Apprenticeship to work        4       0       4       1.0%    0.0%    0.6%
Tracks A and C (both apply)     8       8       16      1.9%    3.8%    2.5%
Undetermined    59      11      70      14.0%   5.3%    11.1%
Total   420     208     628     100.0%  100.0%  100.0%

Analysis 1 - Provisional track by district
Provisional programme track     DENGUELE        SAVANES WOROBA  ZANZAN  Total   DENGUELE        SAVANES WOROBA  ZANZAN  Total
        No.     No.     No.     No.     No.     %       %       %       %       %
Track A - Start-up      30      123     34      71      258     44.8%   46.8%   31.5%   37.4%   41.1%
Track B - Existing enterprise growth    27      96      58      99      280     40.3%   36.5%   53.7%   52.1%   44.6%
Track C - Apprenticeship to work        1       2       0       1       4       1.5%    0.8%    0.0%    0.5%    0.6%
Tracks A and C (both apply)     2       5       1       8       16      3.0%    1.9%    0.9%    4.2%    2.5%
Undetermined    7       37      15      11      70      10.4%   14.1%   13.9%   5.8%    11.1%
Total   67      263     108     190     628     100.0%  100.0%  100.0%  100.0%  100.0%

Analysis 1 - Provisional track by interview status (Yes = Completed, No = rejected/assigned)
Provisional programme track     No      Yes     Total   No      Yes     Total
        No.     No.     No.     %       %       %
Track A - Start-up      76      182     258     35.5%   44.0%   41.1%
Track B - Existing enterprise growth    104     176     280     48.6%   42.5%   44.6%
Track C - Apprenticeship to work        2       2       4       0.9%    0.5%    0.6%
Tracks A and C (both apply)     8       8       16      3.7%    1.9%    2.5%
Undetermined    24      46      70      11.2%   11.1%   11.1%
Total   214     414     628     100.0%  100.0%  100.0%

Provisional programme track     No.     %
Track A - Start-up      243     40.9%
Track B - Existing enterprise growth    269     45.3%
Track C - Apprenticeship to work        4       0.7%
Tracks A and C (both apply)     14      2.4%
Undetermined    64      10.8%
Total   594     100.0%

B2. Region      No.     %
KABADOUGOU      34      5.4%
FOLON   33      5.3%
PORO    139     22.1%
BAGOUE  18      2.9%
TCHOLOGO        106     16.9%
WORODOUGOU      42      6.7%
BAFING  14      2.2%
BERE    52      8.3%
GONTOUGO        144     22.9%
BOUNKANI        46      7.3%
Total   628     100.0%

Analysis 2 - Completed interviews by region and urban/rural
B2. Region      Urban   Rural   Total   Urban   Rural   Total
        No.     No.     No.     %       %       %
KABADOUGOU      3       31      34      8.8%    91.2%   100.0%
FOLON   9       24      33      27.3%   72.7%   100.0%
PORO    33      106     139     23.7%   76.3%   100.0%
BAGOUE  3       15      18      16.7%   83.3%   100.0%
TCHOLOGO        6       100     106     5.7%    94.3%   100.0%
WORODOUGOU      20      22      42      47.6%   52.4%   100.0%
BAFING  2       12      14      14.3%   85.7%   100.0%
BERE    8       44      52      15.4%   84.6%   100.0%
GONTOUGO        24      120     144     16.7%   83.3%   100.0%
BOUNKANI        8       38      46      17.4%   82.6%   100.0%
Total   116     512     628     18.5%   81.5%   100.0%

Analysis 2 - Aspired sector (P4) by region: number and % of the region's applicants
P4. Sector of greatest interest KABADOUGOU      FOLON   PORO    BAGOUE  TCHOLOGO        WORODOUGOU      BAFING  BERE    GONTOUGO        BOUNKANI        Total   KABADOUGOU      FOLON   PORO    BAGOUE  TCHOLOGO        WORODOUGOU      BAFING  BERE    GONT
> OUGO        BOUNKANI        Total
        No.     No.     No.     No.     No.     No.     No.     No.     No.     No.     No.     %       %       %       %       %       %       %       %       %       %       %
Agriculture, livestock, fishing, forestry       6       7       27      4       16      6       5       19      15      5       110     17.6%   21.2%   19.4%   22.2%   15.1%   14.3%   35.7%   36.5%   10.4%   10.9%   17.5%
Manufacturing   0       4       0       1       0       0       0       0       0       1       6       0.0%    12.1%   0.0%    5.6%    0.0%    0.0%    0.0%    0.0%    0.0%    2.2%    1.0%
Construction    6       4       17      4       6       2       2       3       15      3       62      17.6%   12.1%   12.2%   22.2%   5.7%    4.8%    14.3%   5.8%    10.4%   6.5%    9.9%
Wholesale / retail trade        13      9       67      7       72      28      1       18      54      21      290     38.2%   27.3%   48.2%   38.9%   67.9%   66.7%   7.1%    34.6%   37.5%   45.7%   46.2%
Transport, storage, logistics   1       0       5       0       1       2       0       1       2       0       12      2.9%    0.0%    3.6%    0.0%    0.9%    4.8%    0.0%    1.9%    1.4%    0.0%    1.9%
Accommodation and food services 0       0       0       0       1       0       0       2       2       0       5       0.0%    0.0%    0.0%    0.0%    0.9%    0.0%    0.0%    3.8%    1.4%    0.0%    0.8%
Information, communication, digital     0       0       0       0       0       0       0       1       0       1       2       0.0%    0.0%    0.0%    0.0%    0.0%    0.0%    0.0%    1.9%    0.0%    2.2%    0.3%
Finance and insurance   0       0       0       0       0       1       0       0       0       0       1       0.0%    0.0%    0.0%    0.0%    0.0%    2.4%    0.0%    0.0%    0.0%    0.0%    0.2%
Public administration   1       0       1       0       0       0       0       2       2       0       6       2.9%    0.0%    0.7%    0.0%    0.0%    0.0%    0.0%    3.8%    1.4%    0.0%    1.0%
Education       0       0       1       0       0       0       0       0       0       0       1       0.0%    0.0%    0.7%    0.0%    0.0%    0.0%    0.0%    0.0%    0.0%    0.0%    0.2%
Health and social work  2       0       0       0       0       0       0       0       1       0       3       5.9%    0.0%    0.0%    0.0%    0.0%    0.0%    0.0%    0.0%    0.7%    0.0%    0.5%
Other services (repair, personal, arts) 2       8       18      0       8       3       0       3       18      11      71      5.9%    24.2%   12.9%   0.0%    7.5%    7.1%    0.0%    5.8%    12.5%   23.9%   11.3%
Other   3       1       3       2       2       0       6       3       35      4       59      8.8%    3.0%    2.2%    11.1%   1.9%    0.0%    42.9%   5.8%    24.3%   8.7%    9.4%
Total   34      33      139     18      106     42      14      52      144     46      628     100.0%  100.0%  100.0%  100.0%  100.0%  100.0%  100.0%  100.0%  100.0%  100.0%  100.0%

Analysis 2 - Aspired sector (P4) by urban/rural
P4. Sector of greatest interest Urban   Rural   Total   Urban   Rural   Total
        No.     No.     No.     %       %       %
Agriculture, livestock, fishing, forestry       14      96      110     12.1%   18.8%   17.5%
Manufacturing   3       3       6       2.6%    0.6%    1.0%
Construction    13      49      62      11.2%   9.6%    9.9%
Wholesale / retail trade        57      233     290     49.1%   45.5%   46.2%
Transport, storage, logistics   3       9       12      2.6%    1.8%    1.9%
Accommodation and food services 1       4       5       0.9%    0.8%    0.8%
Information, communication, digital     1       1       2       0.9%    0.2%    0.3%
Finance and insurance   1       0       1       0.9%    0.0%    0.2%
Public administration   2       4       6       1.7%    0.8%    1.0%
Education       1       0       1       0.9%    0.0%    0.2%
Health and social work  0       3       3       0.0%    0.6%    0.5%
Other services (repair, personal, arts) 13      58      71      11.2%   11.3%   11.3%
Other   7       52      59      6.0%    10.2%   9.4%
Total   116     512     628     100.0%  100.0%  100.0%

Analysis 2 - Top 3 aspired sectors in each region: % of the region's applicants (blank = not in top 3)
P4. Sector of greatest interest KABADOUGOU      FOLON   PORO    BAGOUE  TCHOLOGO        WORODOUGOU      BAFING  BERE    GONTOUGO        BOUNKANI        Total
        Mean share      Mean share      Mean share      Mean share      Mean share      Mean share      Mean share      Mean share      Mean share      Mean share      Mean share
Agriculture, livestock, fishing, forestry                               22.2                    35.7                            29.0
Manufacturing           12.1            5.6                                             2.2     6.6
Construction            12.1            22.2            4.8     14.3                    6.5     12.0
Wholesale / retail trade                                                        7.1                             7.1
Transport, storage, logistics   2.9                             0.9     4.8             1.9     1.4             2.4
Accommodation and food services                                 0.9                     3.8     1.4             2.1
Information, communication, digital                                                             1.9             2.2     2.0
Finance and insurance                                           2.4                                     2.4
Public administration   2.9             0.7                                     3.8     1.4             2.2
Education                       0.7                                                             0.7
Health and social work  5.9                                                             0.7             3.3
Other services (repair, personal, arts) 5.9                                                                             5.9
Other           3.0     2.2     11.1    1.9                                             4.5
Total   4.4     9.1     1.2     15.3    1.3     4.0     19.0    2.9     1.2     3.6     6.2

Analysis 2 - Top 3 aspired sectors in each region: rank (1 = most common)
P4. Sector of greatest interest KABADOUGOU      FOLON   PORO    BAGOUE  TCHOLOGO        WORODOUGOU      BAFING  BERE    GONTOUGO        BOUNKANI        Total
        Mean rank       Mean rank       Mean rank       Mean rank       Mean rank       Mean rank       Mean rank       Mean rank       Mean rank       Mean rank       Mean rank
Agriculture, livestock, fishing, forestry                               3                       3                               3
Manufacturing           2               1                                               1       1
Construction            2               3               2       2                       3       2
Wholesale / retail trade                                                        1                               1
Transport, storage, logistics   1                               1       2               1       2               1
Accommodation and food services                                 1                       3       2               2
Information, communication, digital                                                             1               1       1
Finance and insurance                                           1                                       1
Public administration   1               1                                       3       2               2
Education                       1                                                               1
Health and social work  3                                                               1               2
Other services (repair, personal, arts) 3                                                                               3
Other           1       3       2       3                                               2
Total   2       2       2       2       2       2       2       2       2       2       2

Analysis 2 - SATURATION RISK: aspired sector chosen by more than 30% of the region's applicants (%)
P4. Sector of greatest interest KABADOUGOU      PORO    BAGOUE  TCHOLOGO        WORODOUGOU      BAFING  BERE    GONTOUGO        BOUNKANI        Total
        Mean share      Mean share      Mean share      Mean share      Mean share      Mean share      Mean share      Mean share      Mean share      Mean share
Agriculture, livestock, fishing, forestry                                               35.7    36.5                    36.1
Wholesale / retail trade        38.2    48.2    38.9    67.9    66.7            34.6    37.5    45.7    47.2
Other                                           42.9                            42.9
Total   38.2    48.2    38.9    67.9    66.7    39.3    35.6    37.5    45.7    44.8

Analysis 2 - Current sector (F2) by region, employed applicants: number and % of the region's employed
F2. Sector of main activity     KABADOUGOU      FOLON   PORO    BAGOUE  TCHOLOGO        WORODOUGOU      BAFING  BERE    GONTOUGO        BOUNKANI        Total   KABADOUGOU      FOLON   PORO    BAGOUE  TCHOLOGO        WORODOUGOU      BAFING  BERE    GONT
> OUGO        BOUNKANI        Total
        No.     No.     No.     No.     No.     No.     No.     No.     No.     No.     No.     %       %       %       %       %       %       %       %       %       %       %
Agriculture, livestock, fishing, forestry       16      15      76      8       60      35      8       21      41      17      297     47.1%   51.7%   61.8%   61.5%   67.4%   83.3%   57.1%   44.7%   32.3%   38.6%   52.8%
Manufacturing   0       5       0       0       0       0       0       2       1       0       8       0.0%    17.2%   0.0%    0.0%    0.0%    0.0%    0.0%    4.3%    0.8%    0.0%    1.4%
Construction    7       0       10      1       2       0       1       2       13      3       39      20.6%   0.0%    8.1%    7.7%    2.2%    0.0%    7.1%    4.3%    10.2%   6.8%    6.9%
Wholesale / retail trade        2       2       16      1       18      2       1       15      36      9       102     5.9%    6.9%    13.0%   7.7%    20.2%   4.8%    7.1%    31.9%   28.3%   20.5%   18.1%
Transport, storage, logistics   0       1       5       0       1       0       0       2       1       1       11      0.0%    3.4%    4.1%    0.0%    1.1%    0.0%    0.0%    4.3%    0.8%    2.3%    2.0%
Accommodation and food services 0       0       0       0       0       0       0       2       0       0       2       0.0%    0.0%    0.0%    0.0%    0.0%    0.0%    0.0%    4.3%    0.0%    0.0%    0.4%
Information, communication, digital     0       0       0       0       0       1       0       0       0       0       1       0.0%    0.0%    0.0%    0.0%    0.0%    2.4%    0.0%    0.0%    0.0%    0.0%    0.2%
Finance and insurance   0       0       0       0       0       1       0       0       1       0       2       0.0%    0.0%    0.0%    0.0%    0.0%    2.4%    0.0%    0.0%    0.8%    0.0%    0.4%
Public administration   0       0       0       0       0       0       0       1       0       1       2       0.0%    0.0%    0.0%    0.0%    0.0%    0.0%    0.0%    2.1%    0.0%    2.3%    0.4%
Health and social work  1       0       0       0       0       0       0       0       0       0       1       2.9%    0.0%    0.0%    0.0%    0.0%    0.0%    0.0%    0.0%    0.0%    0.0%    0.2%
Other services (repair, personal, arts) 2       6       11      2       4       1       0       0       12      7       45      5.9%    20.7%   8.9%    15.4%   4.5%    2.4%    0.0%    0.0%    9.4%    15.9%   8.0%
Other   6       0       5       1       4       2       4       2       22      6       52      17.6%   0.0%    4.1%    7.7%    4.5%    4.8%    28.6%   4.3%    17.3%   13.6%   9.3%
Total   34      29      123     13      89      42      14      47      127     44      562     100.0%  100.0%  100.0%  100.0%  100.0%  100.0%  100.0%  100.0%  100.0%  100.0%  100.0%

Analysis 2 - Current sector (F2) by urban/rural, employed applicants
F2. Sector of main activity     Urban   Rural   Total   Urban   Rural   Total
        No.     No.     No.     %       %       %
Agriculture, livestock, fishing, forestry       43      254     297     40.6%   55.7%   52.8%
Manufacturing   4       4       8       3.8%    0.9%    1.4%
Construction    9       30      39      8.5%    6.6%    6.9%
Wholesale / retail trade        23      79      102     21.7%   17.3%   18.1%
Transport, storage, logistics   3       8       11      2.8%    1.8%    2.0%
Accommodation and food services 1       1       2       0.9%    0.2%    0.4%
Information, communication, digital     0       1       1       0.0%    0.2%    0.2%
Finance and insurance   1       1       2       0.9%    0.2%    0.4%
Public administration   2       0       2       1.9%    0.0%    0.4%
Health and social work  0       1       1       0.0%    0.2%    0.2%
Other services (repair, personal, arts) 11      34      45      10.4%   7.5%    8.0%
Other   9       43      52      8.5%    9.4%    9.3%
Total   106     456     562     100.0%  100.0%  100.0%

. 
. *------------------------------------------------------------------------------*
. * 3.5 Current sector: top 3 per region and saturation risk (> 30%)
. *------------------------------------------------------------------------------*
. preserve

.     keep if employed == 1 & !missing(F2, B2)
(66 observations deleted)

.     gen byte one = 1

.     collapse (sum) n = one, by(B2 F2)

. 
.     bysort B2: egen n_region = total(n)

.     gen share = 100 * n / n_region

.     egen rank = rank(-n), by(B2) field

.     gen byte saturation = (share > 30)

. 
.     label var n          "Employed applicants in the sector"

.     label var n_region   "Employed applicants in the region"

.     label var share      "Share of the region's employed applicants (%)"

.     label var rank       "Rank of the sector in the region"

.     label var saturation "More than 30% of the region's employed applicants"

. 
.     * Spot check
.     sort B2 rank

.     list B2 F2 n n_region share rank saturation if rank <= 3, sepby(B2) noobs

  +---------------------------------------------------------------------------------------------------+
  |         B2                                        F2    n   n_region      share   rank   satura~n |
  |---------------------------------------------------------------------------------------------------|
  | KABADOUGOU                    Health and social work    1         34   2.941176      1          0 |
  | KABADOUGOU   Other services (repair, personal, arts)    2         34   5.882353      2          0 |
  | KABADOUGOU                  Wholesale / retail trade    2         34   5.882353      2          0 |
  |---------------------------------------------------------------------------------------------------|
  |      FOLON             Transport, storage, logistics    1         29   3.448276      1          0 |
  |      FOLON                  Wholesale / retail trade    2         29   6.896552      2          0 |
  |      FOLON                             Manufacturing    5         29   17.24138      3          0 |
  |---------------------------------------------------------------------------------------------------|
  |       PORO                                     Other    5        123   4.065041      1          0 |
  |       PORO             Transport, storage, logistics    5        123   4.065041      1          0 |
  |       PORO                              Construction   10        123   8.130081      3          0 |
  |---------------------------------------------------------------------------------------------------|
  |     BAGOUE                              Construction    1         13   7.692307      1          0 |
  |     BAGOUE                  Wholesale / retail trade    1         13   7.692307      1          0 |
  |     BAGOUE                                     Other    1         13   7.692307      1          0 |
  |---------------------------------------------------------------------------------------------------|
  |   TCHOLOGO             Transport, storage, logistics    1         89   1.123595      1          0 |
  |   TCHOLOGO                              Construction    2         89   2.247191      2          0 |
  |   TCHOLOGO                                     Other    4         89   4.494382      3          0 |
  |   TCHOLOGO   Other services (repair, personal, arts)    4         89   4.494382      3          0 |
  |---------------------------------------------------------------------------------------------------|
  | WORODOUGOU                     Finance and insurance    1         42   2.380952      1          0 |
  | WORODOUGOU   Other services (repair, personal, arts)    1         42   2.380952      1          0 |
  | WORODOUGOU       Information, communication, digital    1         42   2.380952      1          0 |
  |---------------------------------------------------------------------------------------------------|
  |     BAFING                  Wholesale / retail trade    1         14   7.142857      1          0 |
  |     BAFING                              Construction    1         14   7.142857      1          0 |
  |     BAFING                                     Other    4         14   28.57143      3          0 |
  |---------------------------------------------------------------------------------------------------|
  |       BERE                     Public administration    1         47    2.12766      1          0 |
  |       BERE             Transport, storage, logistics    2         47   4.255319      2          0 |
  |       BERE                             Manufacturing    2         47   4.255319      2          0 |
  |       BERE                                     Other    2         47   4.255319      2          0 |
  |       BERE                              Construction    2         47   4.255319      2          0 |
  |       BERE           Accommodation and food services    2         47   4.255319      2          0 |
  |---------------------------------------------------------------------------------------------------|
  |   GONTOUGO                     Finance and insurance    1        127   .7874016      1          0 |
  |   GONTOUGO             Transport, storage, logistics    1        127   .7874016      1          0 |
  |   GONTOUGO                             Manufacturing    1        127   .7874016      1          0 |
  |---------------------------------------------------------------------------------------------------|
  |   BOUNKANI             Transport, storage, logistics    1         44   2.272727      1          0 |
  |   BOUNKANI                     Public administration    1         44   2.272727      1          0 |
  |   BOUNKANI                              Construction    3         44   6.818182      3          0 |
  +---------------------------------------------------------------------------------------------------+

. 
.     tabout F2 B2 if rank <= 3 using "$out/Results.xls", ///
>         append sum c(mean share) format(1) layout(cb) style(xls) ///
>         h1("Analysis 2 - Top 3 current sectors in each region: % of the region's employed applicants (blank = not in top 3)")

Table output written to: C:\Users\WB461621\OneDrive - WBG\SPJ\Cote dIvoire\ImpactEval\Output/Results.xls

Provisional programme track     No.     %
Track A - Start-up      258     41.1%
Track B - Existing enterprise growth    280     44.6%
Track C - Apprenticeship to work        4       0.6%
Tracks A and C (both apply)     16      2.5%
Undetermined    70      11.1%
Total   628     100.0%

Meets Track A criteria (K1 = No, K2 = Yes)      No.     %
No      354     56.4%
Yes     274     43.6%
Total   628     100.0%

Meets Track B criteria (K1 = Yes, F1 = employer/own-account/coop)       No.     %
No      348     55.4%
Yes     280     44.6%
Total   628     100.0%

Meets Track C criteria (not employed, aspires to a skilled trade)       No.     %
No      608     96.8%
Yes     20      3.2%
Total   628     100.0%

Reason track is undetermined    No.     %
Employed, no own enterprise (wage/family worker, apprentice, or no wish to start)       53      75.7%
Not employed, had an activity before (closed)   14      20.0%
Not employed, no wish to start, aspiration not a skilled trade  3       4.3%
Total   70      100.0%

Analysis 1 - Provisional track by sex
Provisional programme track     Male    Female  Total   Male    Female  Total
        No.     No.     No.     %       %       %
Track A - Start-up      183     75      258     43.6%   36.1%   41.1%
Track B - Existing enterprise growth    166     114     280     39.5%   54.8%   44.6%
Track C - Apprenticeship to work        4       0       4       1.0%    0.0%    0.6%
Tracks A and C (both apply)     8       8       16      1.9%    3.8%    2.5%
Undetermined    59      11      70      14.0%   5.3%    11.1%
Total   420     208     628     100.0%  100.0%  100.0%

Analysis 1 - Provisional track by district
Provisional programme track     DENGUELE        SAVANES WOROBA  ZANZAN  Total   DENGUELE        SAVANES WOROBA  ZANZAN  Total
        No.     No.     No.     No.     No.     %       %       %       %       %
Track A - Start-up      30      123     34      71      258     44.8%   46.8%   31.5%   37.4%   41.1%
Track B - Existing enterprise growth    27      96      58      99      280     40.3%   36.5%   53.7%   52.1%   44.6%
Track C - Apprenticeship to work        1       2       0       1       4       1.5%    0.8%    0.0%    0.5%    0.6%
Tracks A and C (both apply)     2       5       1       8       16      3.0%    1.9%    0.9%    4.2%    2.5%
Undetermined    7       37      15      11      70      10.4%   14.1%   13.9%   5.8%    11.1%
Total   67      263     108     190     628     100.0%  100.0%  100.0%  100.0%  100.0%

Analysis 1 - Provisional track by interview status (Yes = Completed, No = rejected/assigned)
Provisional programme track     No      Yes     Total   No      Yes     Total
        No.     No.     No.     %       %       %
Track A - Start-up      76      182     258     35.5%   44.0%   41.1%
Track B - Existing enterprise growth    104     176     280     48.6%   42.5%   44.6%
Track C - Apprenticeship to work        2       2       4       0.9%    0.5%    0.6%
Tracks A and C (both apply)     8       8       16      3.7%    1.9%    2.5%
Undetermined    24      46      70      11.2%   11.1%   11.1%
Total   214     414     628     100.0%  100.0%  100.0%

Provisional programme track     No.     %
Track A - Start-up      243     40.9%
Track B - Existing enterprise growth    269     45.3%
Track C - Apprenticeship to work        4       0.7%
Tracks A and C (both apply)     14      2.4%
Undetermined    64      10.8%
Total   594     100.0%

B2. Region      No.     %
KABADOUGOU      34      5.4%
FOLON   33      5.3%
PORO    139     22.1%
BAGOUE  18      2.9%
TCHOLOGO        106     16.9%
WORODOUGOU      42      6.7%
BAFING  14      2.2%
BERE    52      8.3%
GONTOUGO        144     22.9%
BOUNKANI        46      7.3%
Total   628     100.0%

Analysis 2 - Completed interviews by region and urban/rural
B2. Region      Urban   Rural   Total   Urban   Rural   Total
        No.     No.     No.     %       %       %
KABADOUGOU      3       31      34      8.8%    91.2%   100.0%
FOLON   9       24      33      27.3%   72.7%   100.0%
PORO    33      106     139     23.7%   76.3%   100.0%
BAGOUE  3       15      18      16.7%   83.3%   100.0%
TCHOLOGO        6       100     106     5.7%    94.3%   100.0%
WORODOUGOU      20      22      42      47.6%   52.4%   100.0%
BAFING  2       12      14      14.3%   85.7%   100.0%
BERE    8       44      52      15.4%   84.6%   100.0%
GONTOUGO        24      120     144     16.7%   83.3%   100.0%
BOUNKANI        8       38      46      17.4%   82.6%   100.0%
Total   116     512     628     18.5%   81.5%   100.0%

Analysis 2 - Aspired sector (P4) by region: number and % of the region's applicants
P4. Sector of greatest interest KABADOUGOU      FOLON   PORO    BAGOUE  TCHOLOGO        WORODOUGOU      BAFING  BERE    GONTOUGO        BOUNKANI        Total   KABADOUGOU      FOLON   PORO    BAGOUE  TCHOLOGO        WORODOUGOU      BAFING  BERE    GONT
> OUGO        BOUNKANI        Total
        No.     No.     No.     No.     No.     No.     No.     No.     No.     No.     No.     %       %       %       %       %       %       %       %       %       %       %
Agriculture, livestock, fishing, forestry       6       7       27      4       16      6       5       19      15      5       110     17.6%   21.2%   19.4%   22.2%   15.1%   14.3%   35.7%   36.5%   10.4%   10.9%   17.5%
Manufacturing   0       4       0       1       0       0       0       0       0       1       6       0.0%    12.1%   0.0%    5.6%    0.0%    0.0%    0.0%    0.0%    0.0%    2.2%    1.0%
Construction    6       4       17      4       6       2       2       3       15      3       62      17.6%   12.1%   12.2%   22.2%   5.7%    4.8%    14.3%   5.8%    10.4%   6.5%    9.9%
Wholesale / retail trade        13      9       67      7       72      28      1       18      54      21      290     38.2%   27.3%   48.2%   38.9%   67.9%   66.7%   7.1%    34.6%   37.5%   45.7%   46.2%
Transport, storage, logistics   1       0       5       0       1       2       0       1       2       0       12      2.9%    0.0%    3.6%    0.0%    0.9%    4.8%    0.0%    1.9%    1.4%    0.0%    1.9%
Accommodation and food services 0       0       0       0       1       0       0       2       2       0       5       0.0%    0.0%    0.0%    0.0%    0.9%    0.0%    0.0%    3.8%    1.4%    0.0%    0.8%
Information, communication, digital     0       0       0       0       0       0       0       1       0       1       2       0.0%    0.0%    0.0%    0.0%    0.0%    0.0%    0.0%    1.9%    0.0%    2.2%    0.3%
Finance and insurance   0       0       0       0       0       1       0       0       0       0       1       0.0%    0.0%    0.0%    0.0%    0.0%    2.4%    0.0%    0.0%    0.0%    0.0%    0.2%
Public administration   1       0       1       0       0       0       0       2       2       0       6       2.9%    0.0%    0.7%    0.0%    0.0%    0.0%    0.0%    3.8%    1.4%    0.0%    1.0%
Education       0       0       1       0       0       0       0       0       0       0       1       0.0%    0.0%    0.7%    0.0%    0.0%    0.0%    0.0%    0.0%    0.0%    0.0%    0.2%
Health and social work  2       0       0       0       0       0       0       0       1       0       3       5.9%    0.0%    0.0%    0.0%    0.0%    0.0%    0.0%    0.0%    0.7%    0.0%    0.5%
Other services (repair, personal, arts) 2       8       18      0       8       3       0       3       18      11      71      5.9%    24.2%   12.9%   0.0%    7.5%    7.1%    0.0%    5.8%    12.5%   23.9%   11.3%
Other   3       1       3       2       2       0       6       3       35      4       59      8.8%    3.0%    2.2%    11.1%   1.9%    0.0%    42.9%   5.8%    24.3%   8.7%    9.4%
Total   34      33      139     18      106     42      14      52      144     46      628     100.0%  100.0%  100.0%  100.0%  100.0%  100.0%  100.0%  100.0%  100.0%  100.0%  100.0%

Analysis 2 - Aspired sector (P4) by urban/rural
P4. Sector of greatest interest Urban   Rural   Total   Urban   Rural   Total
        No.     No.     No.     %       %       %
Agriculture, livestock, fishing, forestry       14      96      110     12.1%   18.8%   17.5%
Manufacturing   3       3       6       2.6%    0.6%    1.0%
Construction    13      49      62      11.2%   9.6%    9.9%
Wholesale / retail trade        57      233     290     49.1%   45.5%   46.2%
Transport, storage, logistics   3       9       12      2.6%    1.8%    1.9%
Accommodation and food services 1       4       5       0.9%    0.8%    0.8%
Information, communication, digital     1       1       2       0.9%    0.2%    0.3%
Finance and insurance   1       0       1       0.9%    0.0%    0.2%
Public administration   2       4       6       1.7%    0.8%    1.0%
Education       1       0       1       0.9%    0.0%    0.2%
Health and social work  0       3       3       0.0%    0.6%    0.5%
Other services (repair, personal, arts) 13      58      71      11.2%   11.3%   11.3%
Other   7       52      59      6.0%    10.2%   9.4%
Total   116     512     628     100.0%  100.0%  100.0%

Analysis 2 - Top 3 aspired sectors in each region: % of the region's applicants (blank = not in top 3)
P4. Sector of greatest interest KABADOUGOU      FOLON   PORO    BAGOUE  TCHOLOGO        WORODOUGOU      BAFING  BERE    GONTOUGO        BOUNKANI        Total
        Mean share      Mean share      Mean share      Mean share      Mean share      Mean share      Mean share      Mean share      Mean share      Mean share      Mean share
Agriculture, livestock, fishing, forestry                               22.2                    35.7                            29.0
Manufacturing           12.1            5.6                                             2.2     6.6
Construction            12.1            22.2            4.8     14.3                    6.5     12.0
Wholesale / retail trade                                                        7.1                             7.1
Transport, storage, logistics   2.9                             0.9     4.8             1.9     1.4             2.4
Accommodation and food services                                 0.9                     3.8     1.4             2.1
Information, communication, digital                                                             1.9             2.2     2.0
Finance and insurance                                           2.4                                     2.4
Public administration   2.9             0.7                                     3.8     1.4             2.2
Education                       0.7                                                             0.7
Health and social work  5.9                                                             0.7             3.3
Other services (repair, personal, arts) 5.9                                                                             5.9
Other           3.0     2.2     11.1    1.9                                             4.5
Total   4.4     9.1     1.2     15.3    1.3     4.0     19.0    2.9     1.2     3.6     6.2

Analysis 2 - Top 3 aspired sectors in each region: rank (1 = most common)
P4. Sector of greatest interest KABADOUGOU      FOLON   PORO    BAGOUE  TCHOLOGO        WORODOUGOU      BAFING  BERE    GONTOUGO        BOUNKANI        Total
        Mean rank       Mean rank       Mean rank       Mean rank       Mean rank       Mean rank       Mean rank       Mean rank       Mean rank       Mean rank       Mean rank
Agriculture, livestock, fishing, forestry                               3                       3                               3
Manufacturing           2               1                                               1       1
Construction            2               3               2       2                       3       2
Wholesale / retail trade                                                        1                               1
Transport, storage, logistics   1                               1       2               1       2               1
Accommodation and food services                                 1                       3       2               2
Information, communication, digital                                                             1               1       1
Finance and insurance                                           1                                       1
Public administration   1               1                                       3       2               2
Education                       1                                                               1
Health and social work  3                                                               1               2
Other services (repair, personal, arts) 3                                                                               3
Other           1       3       2       3                                               2
Total   2       2       2       2       2       2       2       2       2       2       2

Analysis 2 - SATURATION RISK: aspired sector chosen by more than 30% of the region's applicants (%)
P4. Sector of greatest interest KABADOUGOU      PORO    BAGOUE  TCHOLOGO        WORODOUGOU      BAFING  BERE    GONTOUGO        BOUNKANI        Total
        Mean share      Mean share      Mean share      Mean share      Mean share      Mean share      Mean share      Mean share      Mean share      Mean share
Agriculture, livestock, fishing, forestry                                               35.7    36.5                    36.1
Wholesale / retail trade        38.2    48.2    38.9    67.9    66.7            34.6    37.5    45.7    47.2
Other                                           42.9                            42.9
Total   38.2    48.2    38.9    67.9    66.7    39.3    35.6    37.5    45.7    44.8

Analysis 2 - Current sector (F2) by region, employed applicants: number and % of the region's employed
F2. Sector of main activity     KABADOUGOU      FOLON   PORO    BAGOUE  TCHOLOGO        WORODOUGOU      BAFING  BERE    GONTOUGO        BOUNKANI        Total   KABADOUGOU      FOLON   PORO    BAGOUE  TCHOLOGO        WORODOUGOU      BAFING  BERE    GONT
> OUGO        BOUNKANI        Total
        No.     No.     No.     No.     No.     No.     No.     No.     No.     No.     No.     %       %       %       %       %       %       %       %       %       %       %
Agriculture, livestock, fishing, forestry       16      15      76      8       60      35      8       21      41      17      297     47.1%   51.7%   61.8%   61.5%   67.4%   83.3%   57.1%   44.7%   32.3%   38.6%   52.8%
Manufacturing   0       5       0       0       0       0       0       2       1       0       8       0.0%    17.2%   0.0%    0.0%    0.0%    0.0%    0.0%    4.3%    0.8%    0.0%    1.4%
Construction    7       0       10      1       2       0       1       2       13      3       39      20.6%   0.0%    8.1%    7.7%    2.2%    0.0%    7.1%    4.3%    10.2%   6.8%    6.9%
Wholesale / retail trade        2       2       16      1       18      2       1       15      36      9       102     5.9%    6.9%    13.0%   7.7%    20.2%   4.8%    7.1%    31.9%   28.3%   20.5%   18.1%
Transport, storage, logistics   0       1       5       0       1       0       0       2       1       1       11      0.0%    3.4%    4.1%    0.0%    1.1%    0.0%    0.0%    4.3%    0.8%    2.3%    2.0%
Accommodation and food services 0       0       0       0       0       0       0       2       0       0       2       0.0%    0.0%    0.0%    0.0%    0.0%    0.0%    0.0%    4.3%    0.0%    0.0%    0.4%
Information, communication, digital     0       0       0       0       0       1       0       0       0       0       1       0.0%    0.0%    0.0%    0.0%    0.0%    2.4%    0.0%    0.0%    0.0%    0.0%    0.2%
Finance and insurance   0       0       0       0       0       1       0       0       1       0       2       0.0%    0.0%    0.0%    0.0%    0.0%    2.4%    0.0%    0.0%    0.8%    0.0%    0.4%
Public administration   0       0       0       0       0       0       0       1       0       1       2       0.0%    0.0%    0.0%    0.0%    0.0%    0.0%    0.0%    2.1%    0.0%    2.3%    0.4%
Health and social work  1       0       0       0       0       0       0       0       0       0       1       2.9%    0.0%    0.0%    0.0%    0.0%    0.0%    0.0%    0.0%    0.0%    0.0%    0.2%
Other services (repair, personal, arts) 2       6       11      2       4       1       0       0       12      7       45      5.9%    20.7%   8.9%    15.4%   4.5%    2.4%    0.0%    0.0%    9.4%    15.9%   8.0%
Other   6       0       5       1       4       2       4       2       22      6       52      17.6%   0.0%    4.1%    7.7%    4.5%    4.8%    28.6%   4.3%    17.3%   13.6%   9.3%
Total   34      29      123     13      89      42      14      47      127     44      562     100.0%  100.0%  100.0%  100.0%  100.0%  100.0%  100.0%  100.0%  100.0%  100.0%  100.0%

Analysis 2 - Current sector (F2) by urban/rural, employed applicants
F2. Sector of main activity     Urban   Rural   Total   Urban   Rural   Total
        No.     No.     No.     %       %       %
Agriculture, livestock, fishing, forestry       43      254     297     40.6%   55.7%   52.8%
Manufacturing   4       4       8       3.8%    0.9%    1.4%
Construction    9       30      39      8.5%    6.6%    6.9%
Wholesale / retail trade        23      79      102     21.7%   17.3%   18.1%
Transport, storage, logistics   3       8       11      2.8%    1.8%    2.0%
Accommodation and food services 1       1       2       0.9%    0.2%    0.4%
Information, communication, digital     0       1       1       0.0%    0.2%    0.2%
Finance and insurance   1       1       2       0.9%    0.2%    0.4%
Public administration   2       0       2       1.9%    0.0%    0.4%
Health and social work  0       1       1       0.0%    0.2%    0.2%
Other services (repair, personal, arts) 11      34      45      10.4%   7.5%    8.0%
Other   9       43      52      8.5%    9.4%    9.3%
Total   106     456     562     100.0%  100.0%  100.0%

Analysis 2 - Top 3 current sectors in each region: % of the region's employed applicants (blank = not in top 3)
F2. Sector of main activity     KABADOUGOU      FOLON   PORO    BAGOUE  TCHOLOGO        WORODOUGOU      BAFING  BERE    GONTOUGO        BOUNKANI        Total
        Mean share      Mean share      Mean share      Mean share      Mean share      Mean share      Mean share      Mean share      Mean share      Mean share      Mean share
Manufacturing           17.2                                            4.3     0.8             7.4
Construction                    8.1     7.7     2.2             7.1     4.3             6.8     6.0
Wholesale / retail trade        5.9     6.9             7.7                     7.1                             6.9
Transport, storage, logistics           3.4     4.1             1.1                     4.3     0.8     2.3     2.7
Accommodation and food services                                                         4.3                     4.3
Information, communication, digital                                             2.4                                     2.4
Finance and insurance                                           2.4                     0.8             1.6
Public administration                                                           2.1             2.3     2.2
Health and social work  2.9                                                                             2.9
Other services (repair, personal, arts) 5.9                             4.5     2.4                                     4.3
Other                   4.1     7.7     4.5             28.6    4.3                     9.8
Total   4.9     9.2     5.4     7.7     3.1     2.4     14.3    3.9     0.8     3.8     5.3

. 
.     tabout F2 B2 if rank <= 3 using "$out/Results.xls", ///
>         append sum c(mean rank) format(0) layout(cb) style(xls) ///
>         h1("Analysis 2 - Top 3 current sectors in each region: rank (1 = most common)")

Table output written to: C:\Users\WB461621\OneDrive - WBG\SPJ\Cote dIvoire\ImpactEval\Output/Results.xls

Provisional programme track     No.     %
Track A - Start-up      258     41.1%
Track B - Existing enterprise growth    280     44.6%
Track C - Apprenticeship to work        4       0.6%
Tracks A and C (both apply)     16      2.5%
Undetermined    70      11.1%
Total   628     100.0%

Meets Track A criteria (K1 = No, K2 = Yes)      No.     %
No      354     56.4%
Yes     274     43.6%
Total   628     100.0%

Meets Track B criteria (K1 = Yes, F1 = employer/own-account/coop)       No.     %
No      348     55.4%
Yes     280     44.6%
Total   628     100.0%

Meets Track C criteria (not employed, aspires to a skilled trade)       No.     %
No      608     96.8%
Yes     20      3.2%
Total   628     100.0%

Reason track is undetermined    No.     %
Employed, no own enterprise (wage/family worker, apprentice, or no wish to start)       53      75.7%
Not employed, had an activity before (closed)   14      20.0%
Not employed, no wish to start, aspiration not a skilled trade  3       4.3%
Total   70      100.0%

Analysis 1 - Provisional track by sex
Provisional programme track     Male    Female  Total   Male    Female  Total
        No.     No.     No.     %       %       %
Track A - Start-up      183     75      258     43.6%   36.1%   41.1%
Track B - Existing enterprise growth    166     114     280     39.5%   54.8%   44.6%
Track C - Apprenticeship to work        4       0       4       1.0%    0.0%    0.6%
Tracks A and C (both apply)     8       8       16      1.9%    3.8%    2.5%
Undetermined    59      11      70      14.0%   5.3%    11.1%
Total   420     208     628     100.0%  100.0%  100.0%

Analysis 1 - Provisional track by district
Provisional programme track     DENGUELE        SAVANES WOROBA  ZANZAN  Total   DENGUELE        SAVANES WOROBA  ZANZAN  Total
        No.     No.     No.     No.     No.     %       %       %       %       %
Track A - Start-up      30      123     34      71      258     44.8%   46.8%   31.5%   37.4%   41.1%
Track B - Existing enterprise growth    27      96      58      99      280     40.3%   36.5%   53.7%   52.1%   44.6%
Track C - Apprenticeship to work        1       2       0       1       4       1.5%    0.8%    0.0%    0.5%    0.6%
Tracks A and C (both apply)     2       5       1       8       16      3.0%    1.9%    0.9%    4.2%    2.5%
Undetermined    7       37      15      11      70      10.4%   14.1%   13.9%   5.8%    11.1%
Total   67      263     108     190     628     100.0%  100.0%  100.0%  100.0%  100.0%

Analysis 1 - Provisional track by interview status (Yes = Completed, No = rejected/assigned)
Provisional programme track     No      Yes     Total   No      Yes     Total
        No.     No.     No.     %       %       %
Track A - Start-up      76      182     258     35.5%   44.0%   41.1%
Track B - Existing enterprise growth    104     176     280     48.6%   42.5%   44.6%
Track C - Apprenticeship to work        2       2       4       0.9%    0.5%    0.6%
Tracks A and C (both apply)     8       8       16      3.7%    1.9%    2.5%
Undetermined    24      46      70      11.2%   11.1%   11.1%
Total   214     414     628     100.0%  100.0%  100.0%

Provisional programme track     No.     %
Track A - Start-up      243     40.9%
Track B - Existing enterprise growth    269     45.3%
Track C - Apprenticeship to work        4       0.7%
Tracks A and C (both apply)     14      2.4%
Undetermined    64      10.8%
Total   594     100.0%

B2. Region      No.     %
KABADOUGOU      34      5.4%
FOLON   33      5.3%
PORO    139     22.1%
BAGOUE  18      2.9%
TCHOLOGO        106     16.9%
WORODOUGOU      42      6.7%
BAFING  14      2.2%
BERE    52      8.3%
GONTOUGO        144     22.9%
BOUNKANI        46      7.3%
Total   628     100.0%

Analysis 2 - Completed interviews by region and urban/rural
B2. Region      Urban   Rural   Total   Urban   Rural   Total
        No.     No.     No.     %       %       %
KABADOUGOU      3       31      34      8.8%    91.2%   100.0%
FOLON   9       24      33      27.3%   72.7%   100.0%
PORO    33      106     139     23.7%   76.3%   100.0%
BAGOUE  3       15      18      16.7%   83.3%   100.0%
TCHOLOGO        6       100     106     5.7%    94.3%   100.0%
WORODOUGOU      20      22      42      47.6%   52.4%   100.0%
BAFING  2       12      14      14.3%   85.7%   100.0%
BERE    8       44      52      15.4%   84.6%   100.0%
GONTOUGO        24      120     144     16.7%   83.3%   100.0%
BOUNKANI        8       38      46      17.4%   82.6%   100.0%
Total   116     512     628     18.5%   81.5%   100.0%

Analysis 2 - Aspired sector (P4) by region: number and % of the region's applicants
P4. Sector of greatest interest KABADOUGOU      FOLON   PORO    BAGOUE  TCHOLOGO        WORODOUGOU      BAFING  BERE    GONTOUGO        BOUNKANI        Total   KABADOUGOU      FOLON   PORO    BAGOUE  TCHOLOGO        WORODOUGOU      BAFING  BERE    GONT
> OUGO        BOUNKANI        Total
        No.     No.     No.     No.     No.     No.     No.     No.     No.     No.     No.     %       %       %       %       %       %       %       %       %       %       %
Agriculture, livestock, fishing, forestry       6       7       27      4       16      6       5       19      15      5       110     17.6%   21.2%   19.4%   22.2%   15.1%   14.3%   35.7%   36.5%   10.4%   10.9%   17.5%
Manufacturing   0       4       0       1       0       0       0       0       0       1       6       0.0%    12.1%   0.0%    5.6%    0.0%    0.0%    0.0%    0.0%    0.0%    2.2%    1.0%
Construction    6       4       17      4       6       2       2       3       15      3       62      17.6%   12.1%   12.2%   22.2%   5.7%    4.8%    14.3%   5.8%    10.4%   6.5%    9.9%
Wholesale / retail trade        13      9       67      7       72      28      1       18      54      21      290     38.2%   27.3%   48.2%   38.9%   67.9%   66.7%   7.1%    34.6%   37.5%   45.7%   46.2%
Transport, storage, logistics   1       0       5       0       1       2       0       1       2       0       12      2.9%    0.0%    3.6%    0.0%    0.9%    4.8%    0.0%    1.9%    1.4%    0.0%    1.9%
Accommodation and food services 0       0       0       0       1       0       0       2       2       0       5       0.0%    0.0%    0.0%    0.0%    0.9%    0.0%    0.0%    3.8%    1.4%    0.0%    0.8%
Information, communication, digital     0       0       0       0       0       0       0       1       0       1       2       0.0%    0.0%    0.0%    0.0%    0.0%    0.0%    0.0%    1.9%    0.0%    2.2%    0.3%
Finance and insurance   0       0       0       0       0       1       0       0       0       0       1       0.0%    0.0%    0.0%    0.0%    0.0%    2.4%    0.0%    0.0%    0.0%    0.0%    0.2%
Public administration   1       0       1       0       0       0       0       2       2       0       6       2.9%    0.0%    0.7%    0.0%    0.0%    0.0%    0.0%    3.8%    1.4%    0.0%    1.0%
Education       0       0       1       0       0       0       0       0       0       0       1       0.0%    0.0%    0.7%    0.0%    0.0%    0.0%    0.0%    0.0%    0.0%    0.0%    0.2%
Health and social work  2       0       0       0       0       0       0       0       1       0       3       5.9%    0.0%    0.0%    0.0%    0.0%    0.0%    0.0%    0.0%    0.7%    0.0%    0.5%
Other services (repair, personal, arts) 2       8       18      0       8       3       0       3       18      11      71      5.9%    24.2%   12.9%   0.0%    7.5%    7.1%    0.0%    5.8%    12.5%   23.9%   11.3%
Other   3       1       3       2       2       0       6       3       35      4       59      8.8%    3.0%    2.2%    11.1%   1.9%    0.0%    42.9%   5.8%    24.3%   8.7%    9.4%
Total   34      33      139     18      106     42      14      52      144     46      628     100.0%  100.0%  100.0%  100.0%  100.0%  100.0%  100.0%  100.0%  100.0%  100.0%  100.0%

Analysis 2 - Aspired sector (P4) by urban/rural
P4. Sector of greatest interest Urban   Rural   Total   Urban   Rural   Total
        No.     No.     No.     %       %       %
Agriculture, livestock, fishing, forestry       14      96      110     12.1%   18.8%   17.5%
Manufacturing   3       3       6       2.6%    0.6%    1.0%
Construction    13      49      62      11.2%   9.6%    9.9%
Wholesale / retail trade        57      233     290     49.1%   45.5%   46.2%
Transport, storage, logistics   3       9       12      2.6%    1.8%    1.9%
Accommodation and food services 1       4       5       0.9%    0.8%    0.8%
Information, communication, digital     1       1       2       0.9%    0.2%    0.3%
Finance and insurance   1       0       1       0.9%    0.0%    0.2%
Public administration   2       4       6       1.7%    0.8%    1.0%
Education       1       0       1       0.9%    0.0%    0.2%
Health and social work  0       3       3       0.0%    0.6%    0.5%
Other services (repair, personal, arts) 13      58      71      11.2%   11.3%   11.3%
Other   7       52      59      6.0%    10.2%   9.4%
Total   116     512     628     100.0%  100.0%  100.0%

Analysis 2 - Top 3 aspired sectors in each region: % of the region's applicants (blank = not in top 3)
P4. Sector of greatest interest KABADOUGOU      FOLON   PORO    BAGOUE  TCHOLOGO        WORODOUGOU      BAFING  BERE    GONTOUGO        BOUNKANI        Total
        Mean share      Mean share      Mean share      Mean share      Mean share      Mean share      Mean share      Mean share      Mean share      Mean share      Mean share
Agriculture, livestock, fishing, forestry                               22.2                    35.7                            29.0
Manufacturing           12.1            5.6                                             2.2     6.6
Construction            12.1            22.2            4.8     14.3                    6.5     12.0
Wholesale / retail trade                                                        7.1                             7.1
Transport, storage, logistics   2.9                             0.9     4.8             1.9     1.4             2.4
Accommodation and food services                                 0.9                     3.8     1.4             2.1
Information, communication, digital                                                             1.9             2.2     2.0
Finance and insurance                                           2.4                                     2.4
Public administration   2.9             0.7                                     3.8     1.4             2.2
Education                       0.7                                                             0.7
Health and social work  5.9                                                             0.7             3.3
Other services (repair, personal, arts) 5.9                                                                             5.9
Other           3.0     2.2     11.1    1.9                                             4.5
Total   4.4     9.1     1.2     15.3    1.3     4.0     19.0    2.9     1.2     3.6     6.2

Analysis 2 - Top 3 aspired sectors in each region: rank (1 = most common)
P4. Sector of greatest interest KABADOUGOU      FOLON   PORO    BAGOUE  TCHOLOGO        WORODOUGOU      BAFING  BERE    GONTOUGO        BOUNKANI        Total
        Mean rank       Mean rank       Mean rank       Mean rank       Mean rank       Mean rank       Mean rank       Mean rank       Mean rank       Mean rank       Mean rank
Agriculture, livestock, fishing, forestry                               3                       3                               3
Manufacturing           2               1                                               1       1
Construction            2               3               2       2                       3       2
Wholesale / retail trade                                                        1                               1
Transport, storage, logistics   1                               1       2               1       2               1
Accommodation and food services                                 1                       3       2               2
Information, communication, digital                                                             1               1       1
Finance and insurance                                           1                                       1
Public administration   1               1                                       3       2               2
Education                       1                                                               1
Health and social work  3                                                               1               2
Other services (repair, personal, arts) 3                                                                               3
Other           1       3       2       3                                               2
Total   2       2       2       2       2       2       2       2       2       2       2

Analysis 2 - SATURATION RISK: aspired sector chosen by more than 30% of the region's applicants (%)
P4. Sector of greatest interest KABADOUGOU      PORO    BAGOUE  TCHOLOGO        WORODOUGOU      BAFING  BERE    GONTOUGO        BOUNKANI        Total
        Mean share      Mean share      Mean share      Mean share      Mean share      Mean share      Mean share      Mean share      Mean share      Mean share
Agriculture, livestock, fishing, forestry                                               35.7    36.5                    36.1
Wholesale / retail trade        38.2    48.2    38.9    67.9    66.7            34.6    37.5    45.7    47.2
Other                                           42.9                            42.9
Total   38.2    48.2    38.9    67.9    66.7    39.3    35.6    37.5    45.7    44.8

Analysis 2 - Current sector (F2) by region, employed applicants: number and % of the region's employed
F2. Sector of main activity     KABADOUGOU      FOLON   PORO    BAGOUE  TCHOLOGO        WORODOUGOU      BAFING  BERE    GONTOUGO        BOUNKANI        Total   KABADOUGOU      FOLON   PORO    BAGOUE  TCHOLOGO        WORODOUGOU      BAFING  BERE    GONT
> OUGO        BOUNKANI        Total
        No.     No.     No.     No.     No.     No.     No.     No.     No.     No.     No.     %       %       %       %       %       %       %       %       %       %       %
Agriculture, livestock, fishing, forestry       16      15      76      8       60      35      8       21      41      17      297     47.1%   51.7%   61.8%   61.5%   67.4%   83.3%   57.1%   44.7%   32.3%   38.6%   52.8%
Manufacturing   0       5       0       0       0       0       0       2       1       0       8       0.0%    17.2%   0.0%    0.0%    0.0%    0.0%    0.0%    4.3%    0.8%    0.0%    1.4%
Construction    7       0       10      1       2       0       1       2       13      3       39      20.6%   0.0%    8.1%    7.7%    2.2%    0.0%    7.1%    4.3%    10.2%   6.8%    6.9%
Wholesale / retail trade        2       2       16      1       18      2       1       15      36      9       102     5.9%    6.9%    13.0%   7.7%    20.2%   4.8%    7.1%    31.9%   28.3%   20.5%   18.1%
Transport, storage, logistics   0       1       5       0       1       0       0       2       1       1       11      0.0%    3.4%    4.1%    0.0%    1.1%    0.0%    0.0%    4.3%    0.8%    2.3%    2.0%
Accommodation and food services 0       0       0       0       0       0       0       2       0       0       2       0.0%    0.0%    0.0%    0.0%    0.0%    0.0%    0.0%    4.3%    0.0%    0.0%    0.4%
Information, communication, digital     0       0       0       0       0       1       0       0       0       0       1       0.0%    0.0%    0.0%    0.0%    0.0%    2.4%    0.0%    0.0%    0.0%    0.0%    0.2%
Finance and insurance   0       0       0       0       0       1       0       0       1       0       2       0.0%    0.0%    0.0%    0.0%    0.0%    2.4%    0.0%    0.0%    0.8%    0.0%    0.4%
Public administration   0       0       0       0       0       0       0       1       0       1       2       0.0%    0.0%    0.0%    0.0%    0.0%    0.0%    0.0%    2.1%    0.0%    2.3%    0.4%
Health and social work  1       0       0       0       0       0       0       0       0       0       1       2.9%    0.0%    0.0%    0.0%    0.0%    0.0%    0.0%    0.0%    0.0%    0.0%    0.2%
Other services (repair, personal, arts) 2       6       11      2       4       1       0       0       12      7       45      5.9%    20.7%   8.9%    15.4%   4.5%    2.4%    0.0%    0.0%    9.4%    15.9%   8.0%
Other   6       0       5       1       4       2       4       2       22      6       52      17.6%   0.0%    4.1%    7.7%    4.5%    4.8%    28.6%   4.3%    17.3%   13.6%   9.3%
Total   34      29      123     13      89      42      14      47      127     44      562     100.0%  100.0%  100.0%  100.0%  100.0%  100.0%  100.0%  100.0%  100.0%  100.0%  100.0%

Analysis 2 - Current sector (F2) by urban/rural, employed applicants
F2. Sector of main activity     Urban   Rural   Total   Urban   Rural   Total
        No.     No.     No.     %       %       %
Agriculture, livestock, fishing, forestry       43      254     297     40.6%   55.7%   52.8%
Manufacturing   4       4       8       3.8%    0.9%    1.4%
Construction    9       30      39      8.5%    6.6%    6.9%
Wholesale / retail trade        23      79      102     21.7%   17.3%   18.1%
Transport, storage, logistics   3       8       11      2.8%    1.8%    2.0%
Accommodation and food services 1       1       2       0.9%    0.2%    0.4%
Information, communication, digital     0       1       1       0.0%    0.2%    0.2%
Finance and insurance   1       1       2       0.9%    0.2%    0.4%
Public administration   2       0       2       1.9%    0.0%    0.4%
Health and social work  0       1       1       0.0%    0.2%    0.2%
Other services (repair, personal, arts) 11      34      45      10.4%   7.5%    8.0%
Other   9       43      52      8.5%    9.4%    9.3%
Total   106     456     562     100.0%  100.0%  100.0%

Analysis 2 - Top 3 current sectors in each region: % of the region's employed applicants (blank = not in top 3)
F2. Sector of main activity     KABADOUGOU      FOLON   PORO    BAGOUE  TCHOLOGO        WORODOUGOU      BAFING  BERE    GONTOUGO        BOUNKANI        Total
        Mean share      Mean share      Mean share      Mean share      Mean share      Mean share      Mean share      Mean share      Mean share      Mean share      Mean share
Manufacturing           17.2                                            4.3     0.8             7.4
Construction                    8.1     7.7     2.2             7.1     4.3             6.8     6.0
Wholesale / retail trade        5.9     6.9             7.7                     7.1                             6.9
Transport, storage, logistics           3.4     4.1             1.1                     4.3     0.8     2.3     2.7
Accommodation and food services                                                         4.3                     4.3
Information, communication, digital                                             2.4                                     2.4
Finance and insurance                                           2.4                     0.8             1.6
Public administration                                                           2.1             2.3     2.2
Health and social work  2.9                                                                             2.9
Other services (repair, personal, arts) 5.9                             4.5     2.4                                     4.3
Other                   4.1     7.7     4.5             28.6    4.3                     9.8
Total   4.9     9.2     5.4     7.7     3.1     2.4     14.3    3.9     0.8     3.8     5.3

Analysis 2 - Top 3 current sectors in each region: rank (1 = most common)
F2. Sector of main activity     KABADOUGOU      FOLON   PORO    BAGOUE  TCHOLOGO        WORODOUGOU      BAFING  BERE    GONTOUGO        BOUNKANI        Total
        Mean rank       Mean rank       Mean rank       Mean rank       Mean rank       Mean rank       Mean rank       Mean rank       Mean rank       Mean rank       Mean rank
Manufacturing           3                                               2       1               2
Construction                    3       1       2               1       2               3       2
Wholesale / retail trade        2       2               1                       1                               2
Transport, storage, logistics           1       1               1                       2       1       1       1
Accommodation and food services                                                         2                       2
Information, communication, digital                                             1                                       1
Finance and insurance                                           1                       1               1
Public administration                                                           1               1       1
Health and social work  1                                                                               1
Other services (repair, personal, arts) 2                               3       1                                       2
Other                   1       1       3               3       2                       2
Total   2       2       2       1       2       1       2       2       1       2       2

. 
.     count if saturation == 1
  11

.     if r(N) > 0 {
.         tabout F2 B2 if saturation == 1 using "$out/Results.xls", ///
>             append sum c(mean share) format(1) layout(cb) style(xls) ///
>             h1("Analysis 2 - SATURATION RISK: current sector of more than 30% of the region's employed applicants (%)")

Table output written to: C:\Users\WB461621\OneDrive - WBG\SPJ\Cote dIvoire\ImpactEval\Output/Results.xls

Provisional programme track     No.     %
Track A - Start-up      258     41.1%
Track B - Existing enterprise growth    280     44.6%
Track C - Apprenticeship to work        4       0.6%
Tracks A and C (both apply)     16      2.5%
Undetermined    70      11.1%
Total   628     100.0%

Meets Track A criteria (K1 = No, K2 = Yes)      No.     %
No      354     56.4%
Yes     274     43.6%
Total   628     100.0%

Meets Track B criteria (K1 = Yes, F1 = employer/own-account/coop)       No.     %
No      348     55.4%
Yes     280     44.6%
Total   628     100.0%

Meets Track C criteria (not employed, aspires to a skilled trade)       No.     %
No      608     96.8%
Yes     20      3.2%
Total   628     100.0%

Reason track is undetermined    No.     %
Employed, no own enterprise (wage/family worker, apprentice, or no wish to start)       53      75.7%
Not employed, had an activity before (closed)   14      20.0%
Not employed, no wish to start, aspiration not a skilled trade  3       4.3%
Total   70      100.0%

Analysis 1 - Provisional track by sex
Provisional programme track     Male    Female  Total   Male    Female  Total
        No.     No.     No.     %       %       %
Track A - Start-up      183     75      258     43.6%   36.1%   41.1%
Track B - Existing enterprise growth    166     114     280     39.5%   54.8%   44.6%
Track C - Apprenticeship to work        4       0       4       1.0%    0.0%    0.6%
Tracks A and C (both apply)     8       8       16      1.9%    3.8%    2.5%
Undetermined    59      11      70      14.0%   5.3%    11.1%
Total   420     208     628     100.0%  100.0%  100.0%

Analysis 1 - Provisional track by district
Provisional programme track     DENGUELE        SAVANES WOROBA  ZANZAN  Total   DENGUELE        SAVANES WOROBA  ZANZAN  Total
        No.     No.     No.     No.     No.     %       %       %       %       %
Track A - Start-up      30      123     34      71      258     44.8%   46.8%   31.5%   37.4%   41.1%
Track B - Existing enterprise growth    27      96      58      99      280     40.3%   36.5%   53.7%   52.1%   44.6%
Track C - Apprenticeship to work        1       2       0       1       4       1.5%    0.8%    0.0%    0.5%    0.6%
Tracks A and C (both apply)     2       5       1       8       16      3.0%    1.9%    0.9%    4.2%    2.5%
Undetermined    7       37      15      11      70      10.4%   14.1%   13.9%   5.8%    11.1%
Total   67      263     108     190     628     100.0%  100.0%  100.0%  100.0%  100.0%

Analysis 1 - Provisional track by interview status (Yes = Completed, No = rejected/assigned)
Provisional programme track     No      Yes     Total   No      Yes     Total
        No.     No.     No.     %       %       %
Track A - Start-up      76      182     258     35.5%   44.0%   41.1%
Track B - Existing enterprise growth    104     176     280     48.6%   42.5%   44.6%
Track C - Apprenticeship to work        2       2       4       0.9%    0.5%    0.6%
Tracks A and C (both apply)     8       8       16      3.7%    1.9%    2.5%
Undetermined    24      46      70      11.2%   11.1%   11.1%
Total   214     414     628     100.0%  100.0%  100.0%

Provisional programme track     No.     %
Track A - Start-up      243     40.9%
Track B - Existing enterprise growth    269     45.3%
Track C - Apprenticeship to work        4       0.7%
Tracks A and C (both apply)     14      2.4%
Undetermined    64      10.8%
Total   594     100.0%

B2. Region      No.     %
KABADOUGOU      34      5.4%
FOLON   33      5.3%
PORO    139     22.1%
BAGOUE  18      2.9%
TCHOLOGO        106     16.9%
WORODOUGOU      42      6.7%
BAFING  14      2.2%
BERE    52      8.3%
GONTOUGO        144     22.9%
BOUNKANI        46      7.3%
Total   628     100.0%

Analysis 2 - Completed interviews by region and urban/rural
B2. Region      Urban   Rural   Total   Urban   Rural   Total
        No.     No.     No.     %       %       %
KABADOUGOU      3       31      34      8.8%    91.2%   100.0%
FOLON   9       24      33      27.3%   72.7%   100.0%
PORO    33      106     139     23.7%   76.3%   100.0%
BAGOUE  3       15      18      16.7%   83.3%   100.0%
TCHOLOGO        6       100     106     5.7%    94.3%   100.0%
WORODOUGOU      20      22      42      47.6%   52.4%   100.0%
BAFING  2       12      14      14.3%   85.7%   100.0%
BERE    8       44      52      15.4%   84.6%   100.0%
GONTOUGO        24      120     144     16.7%   83.3%   100.0%
BOUNKANI        8       38      46      17.4%   82.6%   100.0%
Total   116     512     628     18.5%   81.5%   100.0%

Analysis 2 - Aspired sector (P4) by region: number and % of the region's applicants
P4. Sector of greatest interest KABADOUGOU      FOLON   PORO    BAGOUE  TCHOLOGO        WORODOUGOU      BAFING  BERE    GONTOUGO        BOUNKANI        Total   KABADOUGOU      FOLON   PORO    BAGOUE  TCHOLOGO        WORODOUGOU      BAFING  BERE    GONT
> OUGO        BOUNKANI        Total
        No.     No.     No.     No.     No.     No.     No.     No.     No.     No.     No.     %       %       %       %       %       %       %       %       %       %       %
Agriculture, livestock, fishing, forestry       6       7       27      4       16      6       5       19      15      5       110     17.6%   21.2%   19.4%   22.2%   15.1%   14.3%   35.7%   36.5%   10.4%   10.9%   17.5%
Manufacturing   0       4       0       1       0       0       0       0       0       1       6       0.0%    12.1%   0.0%    5.6%    0.0%    0.0%    0.0%    0.0%    0.0%    2.2%    1.0%
Construction    6       4       17      4       6       2       2       3       15      3       62      17.6%   12.1%   12.2%   22.2%   5.7%    4.8%    14.3%   5.8%    10.4%   6.5%    9.9%
Wholesale / retail trade        13      9       67      7       72      28      1       18      54      21      290     38.2%   27.3%   48.2%   38.9%   67.9%   66.7%   7.1%    34.6%   37.5%   45.7%   46.2%
Transport, storage, logistics   1       0       5       0       1       2       0       1       2       0       12      2.9%    0.0%    3.6%    0.0%    0.9%    4.8%    0.0%    1.9%    1.4%    0.0%    1.9%
Accommodation and food services 0       0       0       0       1       0       0       2       2       0       5       0.0%    0.0%    0.0%    0.0%    0.9%    0.0%    0.0%    3.8%    1.4%    0.0%    0.8%
Information, communication, digital     0       0       0       0       0       0       0       1       0       1       2       0.0%    0.0%    0.0%    0.0%    0.0%    0.0%    0.0%    1.9%    0.0%    2.2%    0.3%
Finance and insurance   0       0       0       0       0       1       0       0       0       0       1       0.0%    0.0%    0.0%    0.0%    0.0%    2.4%    0.0%    0.0%    0.0%    0.0%    0.2%
Public administration   1       0       1       0       0       0       0       2       2       0       6       2.9%    0.0%    0.7%    0.0%    0.0%    0.0%    0.0%    3.8%    1.4%    0.0%    1.0%
Education       0       0       1       0       0       0       0       0       0       0       1       0.0%    0.0%    0.7%    0.0%    0.0%    0.0%    0.0%    0.0%    0.0%    0.0%    0.2%
Health and social work  2       0       0       0       0       0       0       0       1       0       3       5.9%    0.0%    0.0%    0.0%    0.0%    0.0%    0.0%    0.0%    0.7%    0.0%    0.5%
Other services (repair, personal, arts) 2       8       18      0       8       3       0       3       18      11      71      5.9%    24.2%   12.9%   0.0%    7.5%    7.1%    0.0%    5.8%    12.5%   23.9%   11.3%
Other   3       1       3       2       2       0       6       3       35      4       59      8.8%    3.0%    2.2%    11.1%   1.9%    0.0%    42.9%   5.8%    24.3%   8.7%    9.4%
Total   34      33      139     18      106     42      14      52      144     46      628     100.0%  100.0%  100.0%  100.0%  100.0%  100.0%  100.0%  100.0%  100.0%  100.0%  100.0%

Analysis 2 - Aspired sector (P4) by urban/rural
P4. Sector of greatest interest Urban   Rural   Total   Urban   Rural   Total
        No.     No.     No.     %       %       %
Agriculture, livestock, fishing, forestry       14      96      110     12.1%   18.8%   17.5%
Manufacturing   3       3       6       2.6%    0.6%    1.0%
Construction    13      49      62      11.2%   9.6%    9.9%
Wholesale / retail trade        57      233     290     49.1%   45.5%   46.2%
Transport, storage, logistics   3       9       12      2.6%    1.8%    1.9%
Accommodation and food services 1       4       5       0.9%    0.8%    0.8%
Information, communication, digital     1       1       2       0.9%    0.2%    0.3%
Finance and insurance   1       0       1       0.9%    0.0%    0.2%
Public administration   2       4       6       1.7%    0.8%    1.0%
Education       1       0       1       0.9%    0.0%    0.2%
Health and social work  0       3       3       0.0%    0.6%    0.5%
Other services (repair, personal, arts) 13      58      71      11.2%   11.3%   11.3%
Other   7       52      59      6.0%    10.2%   9.4%
Total   116     512     628     100.0%  100.0%  100.0%

Analysis 2 - Top 3 aspired sectors in each region: % of the region's applicants (blank = not in top 3)
P4. Sector of greatest interest KABADOUGOU      FOLON   PORO    BAGOUE  TCHOLOGO        WORODOUGOU      BAFING  BERE    GONTOUGO        BOUNKANI        Total
        Mean share      Mean share      Mean share      Mean share      Mean share      Mean share      Mean share      Mean share      Mean share      Mean share      Mean share
Agriculture, livestock, fishing, forestry                               22.2                    35.7                            29.0
Manufacturing           12.1            5.6                                             2.2     6.6
Construction            12.1            22.2            4.8     14.3                    6.5     12.0
Wholesale / retail trade                                                        7.1                             7.1
Transport, storage, logistics   2.9                             0.9     4.8             1.9     1.4             2.4
Accommodation and food services                                 0.9                     3.8     1.4             2.1
Information, communication, digital                                                             1.9             2.2     2.0
Finance and insurance                                           2.4                                     2.4
Public administration   2.9             0.7                                     3.8     1.4             2.2
Education                       0.7                                                             0.7
Health and social work  5.9                                                             0.7             3.3
Other services (repair, personal, arts) 5.9                                                                             5.9
Other           3.0     2.2     11.1    1.9                                             4.5
Total   4.4     9.1     1.2     15.3    1.3     4.0     19.0    2.9     1.2     3.6     6.2

Analysis 2 - Top 3 aspired sectors in each region: rank (1 = most common)
P4. Sector of greatest interest KABADOUGOU      FOLON   PORO    BAGOUE  TCHOLOGO        WORODOUGOU      BAFING  BERE    GONTOUGO        BOUNKANI        Total
        Mean rank       Mean rank       Mean rank       Mean rank       Mean rank       Mean rank       Mean rank       Mean rank       Mean rank       Mean rank       Mean rank
Agriculture, livestock, fishing, forestry                               3                       3                               3
Manufacturing           2               1                                               1       1
Construction            2               3               2       2                       3       2
Wholesale / retail trade                                                        1                               1
Transport, storage, logistics   1                               1       2               1       2               1
Accommodation and food services                                 1                       3       2               2
Information, communication, digital                                                             1               1       1
Finance and insurance                                           1                                       1
Public administration   1               1                                       3       2               2
Education                       1                                                               1
Health and social work  3                                                               1               2
Other services (repair, personal, arts) 3                                                                               3
Other           1       3       2       3                                               2
Total   2       2       2       2       2       2       2       2       2       2       2

Analysis 2 - SATURATION RISK: aspired sector chosen by more than 30% of the region's applicants (%)
P4. Sector of greatest interest KABADOUGOU      PORO    BAGOUE  TCHOLOGO        WORODOUGOU      BAFING  BERE    GONTOUGO        BOUNKANI        Total
        Mean share      Mean share      Mean share      Mean share      Mean share      Mean share      Mean share      Mean share      Mean share      Mean share
Agriculture, livestock, fishing, forestry                                               35.7    36.5                    36.1
Wholesale / retail trade        38.2    48.2    38.9    67.9    66.7            34.6    37.5    45.7    47.2
Other                                           42.9                            42.9
Total   38.2    48.2    38.9    67.9    66.7    39.3    35.6    37.5    45.7    44.8

Analysis 2 - Current sector (F2) by region, employed applicants: number and % of the region's employed
F2. Sector of main activity     KABADOUGOU      FOLON   PORO    BAGOUE  TCHOLOGO        WORODOUGOU      BAFING  BERE    GONTOUGO        BOUNKANI        Total   KABADOUGOU      FOLON   PORO    BAGOUE  TCHOLOGO        WORODOUGOU      BAFING  BERE    GONT
> OUGO        BOUNKANI        Total
        No.     No.     No.     No.     No.     No.     No.     No.     No.     No.     No.     %       %       %       %       %       %       %       %       %       %       %
Agriculture, livestock, fishing, forestry       16      15      76      8       60      35      8       21      41      17      297     47.1%   51.7%   61.8%   61.5%   67.4%   83.3%   57.1%   44.7%   32.3%   38.6%   52.8%
Manufacturing   0       5       0       0       0       0       0       2       1       0       8       0.0%    17.2%   0.0%    0.0%    0.0%    0.0%    0.0%    4.3%    0.8%    0.0%    1.4%
Construction    7       0       10      1       2       0       1       2       13      3       39      20.6%   0.0%    8.1%    7.7%    2.2%    0.0%    7.1%    4.3%    10.2%   6.8%    6.9%
Wholesale / retail trade        2       2       16      1       18      2       1       15      36      9       102     5.9%    6.9%    13.0%   7.7%    20.2%   4.8%    7.1%    31.9%   28.3%   20.5%   18.1%
Transport, storage, logistics   0       1       5       0       1       0       0       2       1       1       11      0.0%    3.4%    4.1%    0.0%    1.1%    0.0%    0.0%    4.3%    0.8%    2.3%    2.0%
Accommodation and food services 0       0       0       0       0       0       0       2       0       0       2       0.0%    0.0%    0.0%    0.0%    0.0%    0.0%    0.0%    4.3%    0.0%    0.0%    0.4%
Information, communication, digital     0       0       0       0       0       1       0       0       0       0       1       0.0%    0.0%    0.0%    0.0%    0.0%    2.4%    0.0%    0.0%    0.0%    0.0%    0.2%
Finance and insurance   0       0       0       0       0       1       0       0       1       0       2       0.0%    0.0%    0.0%    0.0%    0.0%    2.4%    0.0%    0.0%    0.8%    0.0%    0.4%
Public administration   0       0       0       0       0       0       0       1       0       1       2       0.0%    0.0%    0.0%    0.0%    0.0%    0.0%    0.0%    2.1%    0.0%    2.3%    0.4%
Health and social work  1       0       0       0       0       0       0       0       0       0       1       2.9%    0.0%    0.0%    0.0%    0.0%    0.0%    0.0%    0.0%    0.0%    0.0%    0.2%
Other services (repair, personal, arts) 2       6       11      2       4       1       0       0       12      7       45      5.9%    20.7%   8.9%    15.4%   4.5%    2.4%    0.0%    0.0%    9.4%    15.9%   8.0%
Other   6       0       5       1       4       2       4       2       22      6       52      17.6%   0.0%    4.1%    7.7%    4.5%    4.8%    28.6%   4.3%    17.3%   13.6%   9.3%
Total   34      29      123     13      89      42      14      47      127     44      562     100.0%  100.0%  100.0%  100.0%  100.0%  100.0%  100.0%  100.0%  100.0%  100.0%  100.0%

Analysis 2 - Current sector (F2) by urban/rural, employed applicants
F2. Sector of main activity     Urban   Rural   Total   Urban   Rural   Total
        No.     No.     No.     %       %       %
Agriculture, livestock, fishing, forestry       43      254     297     40.6%   55.7%   52.8%
Manufacturing   4       4       8       3.8%    0.9%    1.4%
Construction    9       30      39      8.5%    6.6%    6.9%
Wholesale / retail trade        23      79      102     21.7%   17.3%   18.1%
Transport, storage, logistics   3       8       11      2.8%    1.8%    2.0%
Accommodation and food services 1       1       2       0.9%    0.2%    0.4%
Information, communication, digital     0       1       1       0.0%    0.2%    0.2%
Finance and insurance   1       1       2       0.9%    0.2%    0.4%
Public administration   2       0       2       1.9%    0.0%    0.4%
Health and social work  0       1       1       0.0%    0.2%    0.2%
Other services (repair, personal, arts) 11      34      45      10.4%   7.5%    8.0%
Other   9       43      52      8.5%    9.4%    9.3%
Total   106     456     562     100.0%  100.0%  100.0%

Analysis 2 - Top 3 current sectors in each region: % of the region's employed applicants (blank = not in top 3)
F2. Sector of main activity     KABADOUGOU      FOLON   PORO    BAGOUE  TCHOLOGO        WORODOUGOU      BAFING  BERE    GONTOUGO        BOUNKANI        Total
        Mean share      Mean share      Mean share      Mean share      Mean share      Mean share      Mean share      Mean share      Mean share      Mean share      Mean share
Manufacturing           17.2                                            4.3     0.8             7.4
Construction                    8.1     7.7     2.2             7.1     4.3             6.8     6.0
Wholesale / retail trade        5.9     6.9             7.7                     7.1                             6.9
Transport, storage, logistics           3.4     4.1             1.1                     4.3     0.8     2.3     2.7
Accommodation and food services                                                         4.3                     4.3
Information, communication, digital                                             2.4                                     2.4
Finance and insurance                                           2.4                     0.8             1.6
Public administration                                                           2.1             2.3     2.2
Health and social work  2.9                                                                             2.9
Other services (repair, personal, arts) 5.9                             4.5     2.4                                     4.3
Other                   4.1     7.7     4.5             28.6    4.3                     9.8
Total   4.9     9.2     5.4     7.7     3.1     2.4     14.3    3.9     0.8     3.8     5.3

Analysis 2 - Top 3 current sectors in each region: rank (1 = most common)
F2. Sector of main activity     KABADOUGOU      FOLON   PORO    BAGOUE  TCHOLOGO        WORODOUGOU      BAFING  BERE    GONTOUGO        BOUNKANI        Total
        Mean rank       Mean rank       Mean rank       Mean rank       Mean rank       Mean rank       Mean rank       Mean rank       Mean rank       Mean rank       Mean rank
Manufacturing           3                                               2       1               2
Construction                    3       1       2               1       2               3       2
Wholesale / retail trade        2       2               1                       1                               2
Transport, storage, logistics           1       1               1                       2       1       1       1
Accommodation and food services                                                         2                       2
Information, communication, digital                                             1                                       1
Finance and insurance                                           1                       1               1
Public administration                                                           1               1       1
Health and social work  1                                                                               1
Other services (repair, personal, arts) 2                               3       1                                       2
Other                   1       1       3               3       2                       2
Total   2       2       2       1       2       1       2       2       1       2       2

Analysis 2 - SATURATION RISK: current sector of more than 30% of the region's employed applicants (%)
F2. Sector of main activity     KABADOUGOU      FOLON   PORO    BAGOUE  TCHOLOGO        WORODOUGOU      BAFING  BERE    GONTOUGO        BOUNKANI        Total
        Mean share      Mean share      Mean share      Mean share      Mean share      Mean share      Mean share      Mean share      Mean share      Mean share      Mean share
Agriculture, livestock, fishing, forestry       47.1    51.7    61.8    61.5    67.4    83.3    57.1    44.7    32.3    38.6    54.6
Wholesale / retail trade                                                                31.9                    31.9
Total   47.1    51.7    61.8    61.5    67.4    83.3    57.1    38.3    32.3    38.6    52.5
.     }

. restore

. 
. *------------------------------------------------------------------------------*
. * 3.6 Aspired vs current sector (employed): moving into or staying in a sector
. *------------------------------------------------------------------------------*
. tabout F2 P4 if employed == 1 using "$out/Results.xls", ///
>     append c(freq row) format(0c 1p) layout(cb) style(xls) ///
>     h1("Analysis 2 - Current sector (rows) by aspired sector (columns), employed applicants: row %")

Table output written to: C:\Users\WB461621\OneDrive - WBG\SPJ\Cote dIvoire\ImpactEval\Output/Results.xls

Provisional programme track     No.     %
Track A - Start-up      258     41.1%
Track B - Existing enterprise growth    280     44.6%
Track C - Apprenticeship to work        4       0.6%
Tracks A and C (both apply)     16      2.5%
Undetermined    70      11.1%
Total   628     100.0%

Meets Track A criteria (K1 = No, K2 = Yes)      No.     %
No      354     56.4%
Yes     274     43.6%
Total   628     100.0%

Meets Track B criteria (K1 = Yes, F1 = employer/own-account/coop)       No.     %
No      348     55.4%
Yes     280     44.6%
Total   628     100.0%

Meets Track C criteria (not employed, aspires to a skilled trade)       No.     %
No      608     96.8%
Yes     20      3.2%
Total   628     100.0%

Reason track is undetermined    No.     %
Employed, no own enterprise (wage/family worker, apprentice, or no wish to start)       53      75.7%
Not employed, had an activity before (closed)   14      20.0%
Not employed, no wish to start, aspiration not a skilled trade  3       4.3%
Total   70      100.0%

Analysis 1 - Provisional track by sex
Provisional programme track     Male    Female  Total   Male    Female  Total
        No.     No.     No.     %       %       %
Track A - Start-up      183     75      258     43.6%   36.1%   41.1%
Track B - Existing enterprise growth    166     114     280     39.5%   54.8%   44.6%
Track C - Apprenticeship to work        4       0       4       1.0%    0.0%    0.6%
Tracks A and C (both apply)     8       8       16      1.9%    3.8%    2.5%
Undetermined    59      11      70      14.0%   5.3%    11.1%
Total   420     208     628     100.0%  100.0%  100.0%

Analysis 1 - Provisional track by district
Provisional programme track     DENGUELE        SAVANES WOROBA  ZANZAN  Total   DENGUELE        SAVANES WOROBA  ZANZAN  Total
        No.     No.     No.     No.     No.     %       %       %       %       %
Track A - Start-up      30      123     34      71      258     44.8%   46.8%   31.5%   37.4%   41.1%
Track B - Existing enterprise growth    27      96      58      99      280     40.3%   36.5%   53.7%   52.1%   44.6%
Track C - Apprenticeship to work        1       2       0       1       4       1.5%    0.8%    0.0%    0.5%    0.6%
Tracks A and C (both apply)     2       5       1       8       16      3.0%    1.9%    0.9%    4.2%    2.5%
Undetermined    7       37      15      11      70      10.4%   14.1%   13.9%   5.8%    11.1%
Total   67      263     108     190     628     100.0%  100.0%  100.0%  100.0%  100.0%

Analysis 1 - Provisional track by interview status (Yes = Completed, No = rejected/assigned)
Provisional programme track     No      Yes     Total   No      Yes     Total
        No.     No.     No.     %       %       %
Track A - Start-up      76      182     258     35.5%   44.0%   41.1%
Track B - Existing enterprise growth    104     176     280     48.6%   42.5%   44.6%
Track C - Apprenticeship to work        2       2       4       0.9%    0.5%    0.6%
Tracks A and C (both apply)     8       8       16      3.7%    1.9%    2.5%
Undetermined    24      46      70      11.2%   11.1%   11.1%
Total   214     414     628     100.0%  100.0%  100.0%

Provisional programme track     No.     %
Track A - Start-up      243     40.9%
Track B - Existing enterprise growth    269     45.3%
Track C - Apprenticeship to work        4       0.7%
Tracks A and C (both apply)     14      2.4%
Undetermined    64      10.8%
Total   594     100.0%

B2. Region      No.     %
KABADOUGOU      34      5.4%
FOLON   33      5.3%
PORO    139     22.1%
BAGOUE  18      2.9%
TCHOLOGO        106     16.9%
WORODOUGOU      42      6.7%
BAFING  14      2.2%
BERE    52      8.3%
GONTOUGO        144     22.9%
BOUNKANI        46      7.3%
Total   628     100.0%

Analysis 2 - Completed interviews by region and urban/rural
B2. Region      Urban   Rural   Total   Urban   Rural   Total
        No.     No.     No.     %       %       %
KABADOUGOU      3       31      34      8.8%    91.2%   100.0%
FOLON   9       24      33      27.3%   72.7%   100.0%
PORO    33      106     139     23.7%   76.3%   100.0%
BAGOUE  3       15      18      16.7%   83.3%   100.0%
TCHOLOGO        6       100     106     5.7%    94.3%   100.0%
WORODOUGOU      20      22      42      47.6%   52.4%   100.0%
BAFING  2       12      14      14.3%   85.7%   100.0%
BERE    8       44      52      15.4%   84.6%   100.0%
GONTOUGO        24      120     144     16.7%   83.3%   100.0%
BOUNKANI        8       38      46      17.4%   82.6%   100.0%
Total   116     512     628     18.5%   81.5%   100.0%

Analysis 2 - Aspired sector (P4) by region: number and % of the region's applicants
P4. Sector of greatest interest KABADOUGOU      FOLON   PORO    BAGOUE  TCHOLOGO        WORODOUGOU      BAFING  BERE    GONTOUGO        BOUNKANI        Total   KABADOUGOU      FOLON   PORO    BAGOUE  TCHOLOGO        WORODOUGOU      BAFING  BERE    GONT
> OUGO        BOUNKANI        Total
        No.     No.     No.     No.     No.     No.     No.     No.     No.     No.     No.     %       %       %       %       %       %       %       %       %       %       %
Agriculture, livestock, fishing, forestry       6       7       27      4       16      6       5       19      15      5       110     17.6%   21.2%   19.4%   22.2%   15.1%   14.3%   35.7%   36.5%   10.4%   10.9%   17.5%
Manufacturing   0       4       0       1       0       0       0       0       0       1       6       0.0%    12.1%   0.0%    5.6%    0.0%    0.0%    0.0%    0.0%    0.0%    2.2%    1.0%
Construction    6       4       17      4       6       2       2       3       15      3       62      17.6%   12.1%   12.2%   22.2%   5.7%    4.8%    14.3%   5.8%    10.4%   6.5%    9.9%
Wholesale / retail trade        13      9       67      7       72      28      1       18      54      21      290     38.2%   27.3%   48.2%   38.9%   67.9%   66.7%   7.1%    34.6%   37.5%   45.7%   46.2%
Transport, storage, logistics   1       0       5       0       1       2       0       1       2       0       12      2.9%    0.0%    3.6%    0.0%    0.9%    4.8%    0.0%    1.9%    1.4%    0.0%    1.9%
Accommodation and food services 0       0       0       0       1       0       0       2       2       0       5       0.0%    0.0%    0.0%    0.0%    0.9%    0.0%    0.0%    3.8%    1.4%    0.0%    0.8%
Information, communication, digital     0       0       0       0       0       0       0       1       0       1       2       0.0%    0.0%    0.0%    0.0%    0.0%    0.0%    0.0%    1.9%    0.0%    2.2%    0.3%
Finance and insurance   0       0       0       0       0       1       0       0       0       0       1       0.0%    0.0%    0.0%    0.0%    0.0%    2.4%    0.0%    0.0%    0.0%    0.0%    0.2%
Public administration   1       0       1       0       0       0       0       2       2       0       6       2.9%    0.0%    0.7%    0.0%    0.0%    0.0%    0.0%    3.8%    1.4%    0.0%    1.0%
Education       0       0       1       0       0       0       0       0       0       0       1       0.0%    0.0%    0.7%    0.0%    0.0%    0.0%    0.0%    0.0%    0.0%    0.0%    0.2%
Health and social work  2       0       0       0       0       0       0       0       1       0       3       5.9%    0.0%    0.0%    0.0%    0.0%    0.0%    0.0%    0.0%    0.7%    0.0%    0.5%
Other services (repair, personal, arts) 2       8       18      0       8       3       0       3       18      11      71      5.9%    24.2%   12.9%   0.0%    7.5%    7.1%    0.0%    5.8%    12.5%   23.9%   11.3%
Other   3       1       3       2       2       0       6       3       35      4       59      8.8%    3.0%    2.2%    11.1%   1.9%    0.0%    42.9%   5.8%    24.3%   8.7%    9.4%
Total   34      33      139     18      106     42      14      52      144     46      628     100.0%  100.0%  100.0%  100.0%  100.0%  100.0%  100.0%  100.0%  100.0%  100.0%  100.0%

Analysis 2 - Aspired sector (P4) by urban/rural
P4. Sector of greatest interest Urban   Rural   Total   Urban   Rural   Total
        No.     No.     No.     %       %       %
Agriculture, livestock, fishing, forestry       14      96      110     12.1%   18.8%   17.5%
Manufacturing   3       3       6       2.6%    0.6%    1.0%
Construction    13      49      62      11.2%   9.6%    9.9%
Wholesale / retail trade        57      233     290     49.1%   45.5%   46.2%
Transport, storage, logistics   3       9       12      2.6%    1.8%    1.9%
Accommodation and food services 1       4       5       0.9%    0.8%    0.8%
Information, communication, digital     1       1       2       0.9%    0.2%    0.3%
Finance and insurance   1       0       1       0.9%    0.0%    0.2%
Public administration   2       4       6       1.7%    0.8%    1.0%
Education       1       0       1       0.9%    0.0%    0.2%
Health and social work  0       3       3       0.0%    0.6%    0.5%
Other services (repair, personal, arts) 13      58      71      11.2%   11.3%   11.3%
Other   7       52      59      6.0%    10.2%   9.4%
Total   116     512     628     100.0%  100.0%  100.0%

Analysis 2 - Top 3 aspired sectors in each region: % of the region's applicants (blank = not in top 3)
P4. Sector of greatest interest KABADOUGOU      FOLON   PORO    BAGOUE  TCHOLOGO        WORODOUGOU      BAFING  BERE    GONTOUGO        BOUNKANI        Total
        Mean share      Mean share      Mean share      Mean share      Mean share      Mean share      Mean share      Mean share      Mean share      Mean share      Mean share
Agriculture, livestock, fishing, forestry                               22.2                    35.7                            29.0
Manufacturing           12.1            5.6                                             2.2     6.6
Construction            12.1            22.2            4.8     14.3                    6.5     12.0
Wholesale / retail trade                                                        7.1                             7.1
Transport, storage, logistics   2.9                             0.9     4.8             1.9     1.4             2.4
Accommodation and food services                                 0.9                     3.8     1.4             2.1
Information, communication, digital                                                             1.9             2.2     2.0
Finance and insurance                                           2.4                                     2.4
Public administration   2.9             0.7                                     3.8     1.4             2.2
Education                       0.7                                                             0.7
Health and social work  5.9                                                             0.7             3.3
Other services (repair, personal, arts) 5.9                                                                             5.9
Other           3.0     2.2     11.1    1.9                                             4.5
Total   4.4     9.1     1.2     15.3    1.3     4.0     19.0    2.9     1.2     3.6     6.2

Analysis 2 - Top 3 aspired sectors in each region: rank (1 = most common)
P4. Sector of greatest interest KABADOUGOU      FOLON   PORO    BAGOUE  TCHOLOGO        WORODOUGOU      BAFING  BERE    GONTOUGO        BOUNKANI        Total
        Mean rank       Mean rank       Mean rank       Mean rank       Mean rank       Mean rank       Mean rank       Mean rank       Mean rank       Mean rank       Mean rank
Agriculture, livestock, fishing, forestry                               3                       3                               3
Manufacturing           2               1                                               1       1
Construction            2               3               2       2                       3       2
Wholesale / retail trade                                                        1                               1
Transport, storage, logistics   1                               1       2               1       2               1
Accommodation and food services                                 1                       3       2               2
Information, communication, digital                                                             1               1       1
Finance and insurance                                           1                                       1
Public administration   1               1                                       3       2               2
Education                       1                                                               1
Health and social work  3                                                               1               2
Other services (repair, personal, arts) 3                                                                               3
Other           1       3       2       3                                               2
Total   2       2       2       2       2       2       2       2       2       2       2

Analysis 2 - SATURATION RISK: aspired sector chosen by more than 30% of the region's applicants (%)
P4. Sector of greatest interest KABADOUGOU      PORO    BAGOUE  TCHOLOGO        WORODOUGOU      BAFING  BERE    GONTOUGO        BOUNKANI        Total
        Mean share      Mean share      Mean share      Mean share      Mean share      Mean share      Mean share      Mean share      Mean share      Mean share
Agriculture, livestock, fishing, forestry                                               35.7    36.5                    36.1
Wholesale / retail trade        38.2    48.2    38.9    67.9    66.7            34.6    37.5    45.7    47.2
Other                                           42.9                            42.9
Total   38.2    48.2    38.9    67.9    66.7    39.3    35.6    37.5    45.7    44.8

Analysis 2 - Current sector (F2) by region, employed applicants: number and % of the region's employed
F2. Sector of main activity     KABADOUGOU      FOLON   PORO    BAGOUE  TCHOLOGO        WORODOUGOU      BAFING  BERE    GONTOUGO        BOUNKANI        Total   KABADOUGOU      FOLON   PORO    BAGOUE  TCHOLOGO        WORODOUGOU      BAFING  BERE    GONT
> OUGO        BOUNKANI        Total
        No.     No.     No.     No.     No.     No.     No.     No.     No.     No.     No.     %       %       %       %       %       %       %       %       %       %       %
Agriculture, livestock, fishing, forestry       16      15      76      8       60      35      8       21      41      17      297     47.1%   51.7%   61.8%   61.5%   67.4%   83.3%   57.1%   44.7%   32.3%   38.6%   52.8%
Manufacturing   0       5       0       0       0       0       0       2       1       0       8       0.0%    17.2%   0.0%    0.0%    0.0%    0.0%    0.0%    4.3%    0.8%    0.0%    1.4%
Construction    7       0       10      1       2       0       1       2       13      3       39      20.6%   0.0%    8.1%    7.7%    2.2%    0.0%    7.1%    4.3%    10.2%   6.8%    6.9%
Wholesale / retail trade        2       2       16      1       18      2       1       15      36      9       102     5.9%    6.9%    13.0%   7.7%    20.2%   4.8%    7.1%    31.9%   28.3%   20.5%   18.1%
Transport, storage, logistics   0       1       5       0       1       0       0       2       1       1       11      0.0%    3.4%    4.1%    0.0%    1.1%    0.0%    0.0%    4.3%    0.8%    2.3%    2.0%
Accommodation and food services 0       0       0       0       0       0       0       2       0       0       2       0.0%    0.0%    0.0%    0.0%    0.0%    0.0%    0.0%    4.3%    0.0%    0.0%    0.4%
Information, communication, digital     0       0       0       0       0       1       0       0       0       0       1       0.0%    0.0%    0.0%    0.0%    0.0%    2.4%    0.0%    0.0%    0.0%    0.0%    0.2%
Finance and insurance   0       0       0       0       0       1       0       0       1       0       2       0.0%    0.0%    0.0%    0.0%    0.0%    2.4%    0.0%    0.0%    0.8%    0.0%    0.4%
Public administration   0       0       0       0       0       0       0       1       0       1       2       0.0%    0.0%    0.0%    0.0%    0.0%    0.0%    0.0%    2.1%    0.0%    2.3%    0.4%
Health and social work  1       0       0       0       0       0       0       0       0       0       1       2.9%    0.0%    0.0%    0.0%    0.0%    0.0%    0.0%    0.0%    0.0%    0.0%    0.2%
Other services (repair, personal, arts) 2       6       11      2       4       1       0       0       12      7       45      5.9%    20.7%   8.9%    15.4%   4.5%    2.4%    0.0%    0.0%    9.4%    15.9%   8.0%
Other   6       0       5       1       4       2       4       2       22      6       52      17.6%   0.0%    4.1%    7.7%    4.5%    4.8%    28.6%   4.3%    17.3%   13.6%   9.3%
Total   34      29      123     13      89      42      14      47      127     44      562     100.0%  100.0%  100.0%  100.0%  100.0%  100.0%  100.0%  100.0%  100.0%  100.0%  100.0%

Analysis 2 - Current sector (F2) by urban/rural, employed applicants
F2. Sector of main activity     Urban   Rural   Total   Urban   Rural   Total
        No.     No.     No.     %       %       %
Agriculture, livestock, fishing, forestry       43      254     297     40.6%   55.7%   52.8%
Manufacturing   4       4       8       3.8%    0.9%    1.4%
Construction    9       30      39      8.5%    6.6%    6.9%
Wholesale / retail trade        23      79      102     21.7%   17.3%   18.1%
Transport, storage, logistics   3       8       11      2.8%    1.8%    2.0%
Accommodation and food services 1       1       2       0.9%    0.2%    0.4%
Information, communication, digital     0       1       1       0.0%    0.2%    0.2%
Finance and insurance   1       1       2       0.9%    0.2%    0.4%
Public administration   2       0       2       1.9%    0.0%    0.4%
Health and social work  0       1       1       0.0%    0.2%    0.2%
Other services (repair, personal, arts) 11      34      45      10.4%   7.5%    8.0%
Other   9       43      52      8.5%    9.4%    9.3%
Total   106     456     562     100.0%  100.0%  100.0%

Analysis 2 - Top 3 current sectors in each region: % of the region's employed applicants (blank = not in top 3)
F2. Sector of main activity     KABADOUGOU      FOLON   PORO    BAGOUE  TCHOLOGO        WORODOUGOU      BAFING  BERE    GONTOUGO        BOUNKANI        Total
        Mean share      Mean share      Mean share      Mean share      Mean share      Mean share      Mean share      Mean share      Mean share      Mean share      Mean share
Manufacturing           17.2                                            4.3     0.8             7.4
Construction                    8.1     7.7     2.2             7.1     4.3             6.8     6.0
Wholesale / retail trade        5.9     6.9             7.7                     7.1                             6.9
Transport, storage, logistics           3.4     4.1             1.1                     4.3     0.8     2.3     2.7
Accommodation and food services                                                         4.3                     4.3
Information, communication, digital                                             2.4                                     2.4
Finance and insurance                                           2.4                     0.8             1.6
Public administration                                                           2.1             2.3     2.2
Health and social work  2.9                                                                             2.9
Other services (repair, personal, arts) 5.9                             4.5     2.4                                     4.3
Other                   4.1     7.7     4.5             28.6    4.3                     9.8
Total   4.9     9.2     5.4     7.7     3.1     2.4     14.3    3.9     0.8     3.8     5.3

Analysis 2 - Top 3 current sectors in each region: rank (1 = most common)
F2. Sector of main activity     KABADOUGOU      FOLON   PORO    BAGOUE  TCHOLOGO        WORODOUGOU      BAFING  BERE    GONTOUGO        BOUNKANI        Total
        Mean rank       Mean rank       Mean rank       Mean rank       Mean rank       Mean rank       Mean rank       Mean rank       Mean rank       Mean rank       Mean rank
Manufacturing           3                                               2       1               2
Construction                    3       1       2               1       2               3       2
Wholesale / retail trade        2       2               1                       1                               2
Transport, storage, logistics           1       1               1                       2       1       1       1
Accommodation and food services                                                         2                       2
Information, communication, digital                                             1                                       1
Finance and insurance                                           1                       1               1
Public administration                                                           1               1       1
Health and social work  1                                                                               1
Other services (repair, personal, arts) 2                               3       1                                       2
Other                   1       1       3               3       2                       2
Total   2       2       2       1       2       1       2       2       1       2       2

Analysis 2 - SATURATION RISK: current sector of more than 30% of the region's employed applicants (%)
F2. Sector of main activity     KABADOUGOU      FOLON   PORO    BAGOUE  TCHOLOGO        WORODOUGOU      BAFING  BERE    GONTOUGO        BOUNKANI        Total
        Mean share      Mean share      Mean share      Mean share      Mean share      Mean share      Mean share      Mean share      Mean share      Mean share      Mean share
Agriculture, livestock, fishing, forestry       47.1    51.7    61.8    61.5    67.4    83.3    57.1    44.7    32.3    38.6    54.6
Wholesale / retail trade                                                                31.9                    31.9
Total   47.1    51.7    61.8    61.5    67.4    83.3    57.1    38.3    32.3    38.6    52.5

Analysis 2 - Current sector (rows) by aspired sector (columns), employed applicants: row %
F2. Sector of main activity     Agriculture, livestock, fishing, forestry       Manufacturing   Construction    Wholesale / retail trade        Transport, storage, logistics   Accommodation and food services Information, communication, digital     Fina
> nce and insurance   Public administration   Education       Health and social work  Other services (repair, personal, arts) Other   Total   Agriculture, livestock, fishing, forestry       Manufacturing   Construction    Wholesale / retail trade      
>   Transport, storage, logistics   Accommodation and food services Information, communication, digital     Finance and insurance   Public administration   Education       Health and social work  Other services (repair, personal, arts) Other   Total
        No.     No.     No.     No.     No.     No.     No.     No.     No.     No.     No.     No.     No.     No.     %       %       %       %       %       %       %       %       %       %       %       %       %       %
Agriculture, livestock, fishing, forestry       89      3       25      134     4       2       1       0       0       0       1       20      18      297     30.0%   1.0%    8.4%    45.1%   1.3%    0.7%    0.3%    0.0%    0.0%    0.0%    0.3%    6.7%
>     6.1%    100.0%
Manufacturing   2       3       0       2       0       0       0       0       1       0       0       0       0       8       25.0%   37.5%   0.0%    25.0%   0.0%    0.0%    0.0%    0.0%    12.5%   0.0%    0.0%    0.0%    0.0%    100.0%
Construction    2       0       21      12      1       0       0       0       0       0       0       1       2       39      5.1%    0.0%    53.8%   30.8%   2.6%    0.0%    0.0%    0.0%    0.0%    0.0%    0.0%    2.6%    5.1%    100.0%
Wholesale / retail trade        2       0       1       81      1       1       1       0       3       1       0       5       6       102     2.0%    0.0%    1.0%    79.4%   1.0%    1.0%    1.0%    0.0%    2.9%    1.0%    0.0%    4.9%    5.9%    100.
> 0%
Transport, storage, logistics   3       0       0       4       4       0       0       0       0       0       0       0       0       11      27.3%   0.0%    0.0%    36.4%   36.4%   0.0%    0.0%    0.0%    0.0%    0.0%    0.0%    0.0%    0.0%    100.
> 0%
Accommodation and food services 0       0       0       1       0       1       0       0       0       0       0       0       0       2       0.0%    0.0%    0.0%    50.0%   0.0%    50.0%   0.0%    0.0%    0.0%    0.0%    0.0%    0.0%    0.0%    100.
> 0%
Information, communication, digital     0       0       1       0       0       0       0       0       0       0       0       0       0       1       0.0%    0.0%    100.0%  0.0%    0.0%    0.0%    0.0%    0.0%    0.0%    0.0%    0.0%    0.0%    0.0%
>     100.0%
Finance and insurance   0       0       0       1       0       0       0       1       0       0       0       0       0       2       0.0%    0.0%    0.0%    50.0%   0.0%    0.0%    0.0%    50.0%   0.0%    0.0%    0.0%    0.0%    0.0%    100.0%
Public administration   1       0       0       1       0       0       0       0       0       0       0       0       0       2       50.0%   0.0%    0.0%    50.0%   0.0%    0.0%    0.0%    0.0%    0.0%    0.0%    0.0%    0.0%    0.0%    100.0%
Health and social work  0       0       0       0       0       0       0       0       0       0       1       0       0       1       0.0%    0.0%    0.0%    0.0%    0.0%    0.0%    0.0%    0.0%    0.0%    0.0%    100.0%  0.0%    0.0%    100.0%
Other services (repair, personal, arts) 1       0       3       9       1       0       0       0       0       0       0       30      1       45      2.2%    0.0%    6.7%    20.0%   2.2%    0.0%    0.0%    0.0%    0.0%    0.0%    0.0%    66.7%   2.2%
>     100.0%
Other   1       0       3       11      1       0       0       0       1       0       1       4       30      52      1.9%    0.0%    5.8%    21.2%   1.9%    0.0%    0.0%    0.0%    1.9%    0.0%    1.9%    7.7%    57.7%   100.0%
Total   101     6       54      256     12      4       2       1       5       1       3       60      57      562     18.0%   1.1%    9.6%    45.6%   2.1%    0.7%    0.4%    0.2%    0.9%    0.2%    0.5%    10.7%   10.1%   100.0%

. 
. *==============================================================================*
. * 4. ANALYSIS 3 - (next analysis goes here; tables use -append-)
. *==============================================================================*
. 
. log close
      name:  <unnamed>
       log:  C:\Users\WB461621\OneDrive - WBG\SPJ\Cote dIvoire\ImpactEval\Output/02_analysis.log
  log type:  text
 closed on:  30 Sep 2026, 17:06:24
------------------------------------------------------------------------------------------------------------------------------------------------------------------------------------------------------------------------------------------------------------
